北京地区天气预报,1987-09-01,1987-09
国务院决定明年继续推行承包经营国家经委正抓紧制订企业承包条例,1987-09-01,1987-09
推进中等城市机构改革试点,1987-09-01,1987-09
我国实施高技术计划起步良好,1987-09-01,1987-09
湖北邮电系统实行全额工资浮动,1987-09-01,1987-09
赵紫阳同民柬代表团会谈,1987-09-01,1987-09
做好产销工作稳定城市蔬菜价格,1987-09-01,1987-09
烟台港令人刮目相看城市青年争当码头工,1987-09-01,1987-09
今后高等学校毕业生要先去基层见习一年,1987-09-01,1987-09
是为了纪念，还是为了别的,1987-09-01,1987-09
神州大地,1987-09-01,1987-09
保证万无一失,1987-09-01,1987-09
无锡市郊区农副业生产兴旺,1987-09-01,1987-09
北京外汇黑市调查有感,1987-09-01,1987-09
种好郊区“寸金地”（短评）,1987-09-01,1987-09
福建省投资规模得到控制,1987-09-01,1987-09
进一步压缩钢材库存,1987-09-01,1987-09
航空部举办民品与技术交易会,1987-09-01,1987-09
桂西山区出新闻农忙可聘‘帮田妹’,1987-09-01,1987-09
陕西缝纫机厂注重出口创汇,1987-09-01,1987-09
简讯,1987-09-01,1987-09
延边州公布２８个重点合作项目,1987-09-01,1987-09
《中国对外开放工作实务手册》可代办邮购,1987-09-01,1987-09
工商局愿做雪花梨‘红娘’赵县建立梨果批发市场,1987-09-01,1987-09
飞吧，呼伦贝尔！,1987-09-01,1987-09
西北高原生物所苦干出成果,1987-09-01,1987-09
梁学睦湛称“重教楷模”,1987-09-01,1987-09
教科文零讯,1987-09-01,1987-09
石炭纪研究推动我国矿产开发,1987-09-01,1987-09
华北七万科技人员流向乡镇,1987-09-01,1987-09
‘复读班’不办为好（快语）,1987-09-01,1987-09
九月，推荐中学生观看,1987-09-01,1987-09
《小图书馆》丛书点燃青少年智慧火花,1987-09-01,1987-09
左江崖壁画群举世罕见,1987-09-01,1987-09
探讨儒学当代文化价值,1987-09-01,1987-09
《科学决策知识讲座》即将出版,1987-09-01,1987-09
意报评论世界田径新纪录‘子弹’和‘直升飞机’,1987-09-01,1987-09
“世界飞人”约翰逊,1987-09-01,1987-09
加强射击选手心理训练,1987-09-01,1987-09
历史性突破：男子百米加拿大约翰逊跑出９秒８３,1987-09-01,1987-09
香港国际城市桥牌大赛,1987-09-01,1987-09
第六届全运会摩托车越野赛结束,1987-09-01,1987-09
中国人曾目睹巴黎公社兴亡,1987-09-01,1987-09
办事人员老化引起庐江县重视,1987-09-01,1987-09
湖北九县（市）政治和经济体制综合改革见成效,1987-09-01,1987-09
希望进一步开放利用档案,1987-09-01,1987-09
致公党八届中常会举行第十六次会议,1987-09-01,1987-09
福建查处一起接受港商贿赂案,1987-09-01,1987-09
鞍钢依靠法律管理企业,1987-09-01,1987-09
南海舰队某部开设优良传统课,1987-09-01,1987-09
嘉奖参加陇海铁路隧道抢险指战员,1987-09-01,1987-09
佳木斯部分企业一线工人党员少,1987-09-01,1987-09
周老汉“三顾”军营,1987-09-01,1987-09
北京卫戍区某团改革干部讲评办法,1987-09-01,1987-09
田纪云会见泰国商界人士,1987-09-01,1987-09
外事简讯,1987-09-01,1987-09
改革题材文学有待深化,1987-09-01,1987-09
改革生活的感召,1987-09-01,1987-09
历史的参与,1987-09-01,1987-09
冷遇与振兴,1987-09-01,1987-09
关于摄影理论的思考,1987-09-01,1987-09
《五色土》（中篇小说）,1987-09-01,1987-09
乍得说为维护领土完整战斗到底,1987-09-01,1987-09
南非矿工大罢工获初胜后结束,1987-09-01,1987-09
美国海军护送科油轮进入海湾,1987-09-01,1987-09
两伊互相袭击对方目标,1987-09-01,1987-09
盲人部长,1987-09-01,1987-09
一句话新闻,1987-09-01,1987-09
伊朗外长警告：海湾战争可能升级,1987-09-01,1987-09
日岐阜市中日友好纪念碑遭红漆涂抹,1987-09-01,1987-09
菲参谋长下令逮捕参与兵变的军人,1987-09-01,1987-09
黎巴嫩接连爆发反饥饿示威游行,1987-09-01,1987-09
新西兰同美国在核政策上的矛盾（综述）,1987-09-01,1987-09
激烈的平叛战斗（菲律宾通讯）,1987-09-01,1987-09
国际要闻简报,1987-09-01,1987-09
中国投资环境改善在华外资大量增加,1987-09-01,1987-09
一场未见尽头的“保险”危机（国外剪影）,1987-09-01,1987-09
美航天飞机新助推火箭首次全面点火试验成功,1987-09-01,1987-09
超导研究竞争的新角逐（日本通讯）,1987-09-01,1987-09
巴拿马运河航运将受严重影响,1987-09-01,1987-09
波兰在基础学校实施新教学大纲,1987-09-01,1987-09
超导研究的主要进程（资料）,1987-09-01,1987-09
于人无补,1987-09-01,1987-09
北大荒的小麦熟了,1987-09-01,1987-09
茶歌（文化采风录）,1987-09-01,1987-09
生财有大道,1987-09-01,1987-09
药子山那边的炮声,1987-09-01,1987-09
用理解去沟通心灵,1987-09-01,1987-09
北京地区天气预报,1987-09-02,1987-09
江西八年改革成就超过三十年,1987-09-02,1987-09
中国坚决支持柬埔寨人民抗越斗争,1987-09-02,1987-09
全国中小学开学,1987-09-02,1987-09
山东各级法院积极开展经济审判,1987-09-02,1987-09
李先念宴请莱索托王后,1987-09-02,1987-09
中国藏语系高级佛学院在京成立,1987-09-02,1987-09
全国医药质量大检查开始,1987-09-02,1987-09
盐化工业原料短缺纷纷求援５０余万吨青盐积压急待外运,1987-09-02,1987-09
上海二百余家大商店全部实行承包,1987-09-02,1987-09
王兆国任福建省代理省长,1987-09-02,1987-09
上海远洋运输公司增辟航线,1987-09-02,1987-09
承德市场蔬菜猪肉量多价廉,1987-09-02,1987-09
为孩子们尽到心（凡人新事）,1987-09-02,1987-09
振兴水利增添后劲发展农业,1987-09-02,1987-09
水利要办方法要新（短评）,1987-09-02,1987-09
广东改革燃料结构保护森林资源,1987-09-02,1987-09
江西开发红壤荒地十万亩,1987-09-02,1987-09
天津港集装箱码头日益发挥作用,1987-09-02,1987-09
简讯,1987-09-02,1987-09
‘好日子是干出来的’,1987-09-02,1987-09
怎样认识社会主义初级阶段与对外开放,1987-09-02,1987-09
江西组织部门与知识分子书面谈心,1987-09-02,1987-09
人大研究生运用所学知识推动改革,1987-09-02,1987-09
上海“科技商人”引人注目,1987-09-02,1987-09
一校之长有苦衷,1987-09-02,1987-09
科技界集会高度评价牛顿学说,1987-09-02,1987-09
首都一些演员不交个人收入调节税,1987-09-02,1987-09
滑坡事故可事先预测,1987-09-02,1987-09
周恩来全身铜像将屹立在重庆,1987-09-02,1987-09
“中国海监”飞机开始执行公务飞行,1987-09-02,1987-09
当年在周恩来董必武关怀下创办原国统区进步学校蜀都中学复校,1987-09-02,1987-09
鞍山合同制工人实行互助医疗保险,1987-09-02,1987-09
总后医专连年获献血先进奖,1987-09-02,1987-09
各界人士在京话说大运河文化,1987-09-02,1987-09
香港举办１９８７年中国地方戏曲展,1987-09-02,1987-09
教科文零讯,1987-09-02,1987-09
我女选手成绩可观阎红获一竞走铜牌,1987-09-02,1987-09
全运会女垒赛天津队接连获胜,1987-09-02,1987-09
元老杯网球邀请赛开幕,1987-09-02,1987-09
为伤残人体育作贡献的陈进军,1987-09-02,1987-09
中苏男篮在内蒙古交锋各胜一场,1987-09-02,1987-09
解放军女将刷新一项游泳全国纪录,1987-09-02,1987-09
苏联队创一项自行车世界纪录,1987-09-02,1987-09
中国少年女子排球队以三比一胜日本少年女排,1987-09-02,1987-09
张歆黔事件’引起强烈反响,1987-09-02,1987-09
成都人说：关键时刻你我他都要站出来,1987-09-02,1987-09
东门四把又热闹起来了,1987-09-02,1987-09
应尽快通过常委会议事规则,1987-09-02,1987-09
不要自行去边防前线参军参战,1987-09-02,1987-09
我国乡镇企业迅速发展制定有关法规势在必行,1987-09-02,1987-09
基辛格谈第一次秘密访华情形,1987-09-02,1987-09
中顾委委员饶斌在沪逝世,1987-09-02,1987-09
台湾三民间社团提出五项主张要求当局对返乡探亲勿设障碍,1987-09-02,1987-09
西哈努克宴请宋双乔森潘,1987-09-02,1987-09
民柬代表团出席专场音乐会,1987-09-02,1987-09
吴学谦宴请基辛格,1987-09-02,1987-09
乔石会见亚太地区律师,1987-09-02,1987-09
简讯,1987-09-02,1987-09
发现领导干部倒卖钢材反有错,1987-09-02,1987-09
只因“拔出萝卜带出泥”（调查汇报）,1987-09-02,1987-09
重大锅炉事故未处理责任者反受提拔重用,1987-09-02,1987-09
光荣的战士优秀的党员（读者推荐）,1987-09-02,1987-09
面对五百万美元巨款……,1987-09-02,1987-09
木材不会因大兴安岭发生火灾而涨价,1987-09-02,1987-09
这是鼓励发明吗？,1987-09-02,1987-09
做好犯人死亡后通知其家属的工作,1987-09-02,1987-09
方案确定即可施工,1987-09-02,1987-09
杜绝用吊车擦玻璃之事,1987-09-02,1987-09
请关心在危房内上课的孩子们,1987-09-02,1987-09
并非暴雨、洪水过后,1987-09-02,1987-09
并非暴雨、洪水过后,1987-09-02,1987-09
越南应该从柬埔寨撤军,1987-09-02,1987-09
大幅度削减军备援助发展中国家,1987-09-02,1987-09
南非矿工表示将继续斗争,1987-09-02,1987-09
伊朗说准备同德奎利亚尔接触,1987-09-02,1987-09
一句话新闻,1987-09-02,1987-09
苏联说科尔声明并未使中导问题发生变化,1987-09-02,1987-09
西德基社盟反对放弃潘兴ⅠＡ导弹,1987-09-02,1987-09
政府现在不宜就光华寮问题陈述意见,1987-09-02,1987-09
宣称建立临时军政府,1987-09-02,1987-09
我外交部副部长钱其琛去加拿大访问,1987-09-02,1987-09
简讯,1987-09-02,1987-09
美日借“东芝事件”各做文章（述评）,1987-09-02,1987-09
国际要闻简报,1987-09-02,1987-09
泰国将尽力解决贫困失业债务问题,1987-09-02,1987-09
本世纪末世界文盲近十亿,1987-09-02,1987-09
维护石油价格保持市场稳定,1987-09-02,1987-09
墨西哥经济在调整中恢复,1987-09-02,1987-09
核乏燃料后处理工业前途光明（法国通讯）,1987-09-02,1987-09
我国丝绸展销会在纽约开幕,1987-09-02,1987-09
我首批卫生事业管理硕士研究生就读美国,1987-09-02,1987-09
中坦联合海运公司庆祝成立２０周年,1987-09-02,1987-09
耄耋老翁翱翔蓝天,1987-09-02,1987-09
一个独特的视角,1987-09-02,1987-09
戏曲现代戏的新样式,1987-09-02,1987-09
寻找,1987-09-02,1987-09
错得有“理”,1987-09-02,1987-09
故乡的河,1987-09-02,1987-09
腾飞,1987-09-02,1987-09
北京地区天气预报,1987-09-03,1987-09
十三大筹备工作正加紧进行,1987-09-03,1987-09
百名优秀农民企业家受表彰,1987-09-03,1987-09
改革住房制度逐步实现住房商品化,1987-09-03,1987-09
人大常委会第２２次会议举行全会,1987-09-03,1987-09
在竞争中造就企业家队伍,1987-09-03,1987-09
切实抓好秋季森林防火工作,1987-09-03,1987-09
民柬联合政府及其三方爱国力量决心团结抗越,1987-09-03,1987-09
哥伦比亚总统即将访华,1987-09-03,1987-09
中国各方面的改革正在加快,1987-09-03,1987-09
希望世界银行和中国扩大合作规模,1987-09-03,1987-09
中国十分关切海湾局势的加剧,1987-09-03,1987-09
鲁布革首先是对领导部门的冲击,1987-09-03,1987-09
投标要有法律监督保证（冲击引起的思考）,1987-09-03,1987-09
严字当头以防为主（短评）,1987-09-03,1987-09
结合承包经营加强设备管理,1987-09-03,1987-09
电扇业竞争在大企业集团展开,1987-09-03,1987-09
礼泉县建成１０万亩苹果基地,1987-09-03,1987-09
第一个名酒节在泸州举行,1987-09-03,1987-09
漳州市企业向科研要新产品,1987-09-03,1987-09
合肥土产公司竹木经理部优质服务赢来客户盈门,1987-09-03,1987-09
浙江晚稻病虫暴发农民呼吁供应农药,1987-09-03,1987-09
简讯,1987-09-03,1987-09
苏浙皖沪试行票汇结算新办法,1987-09-03,1987-09
五百教学科研生产联合体争荣,1987-09-03,1987-09
浙江医大杭州分校抓紧走读生教育,1987-09-03,1987-09
青年韩厚震自学成为农技行家,1987-09-03,1987-09
我国同位素技术‘三十而立’,1987-09-03,1987-09
福建农家三胞胎今年一起上大学,1987-09-03,1987-09
成都青白江区书店送课本到校,1987-09-03,1987-09
中美统计会议昨在北京结束,1987-09-03,1987-09
三十种岗位责任制为何挡不住窃贼（记者来信）,1987-09-03,1987-09
教科文零讯,1987-09-03,1987-09
小型垃圾焚烧炉无烟无味无菌,1987-09-03,1987-09
截瘫病人电脑锻炼系统问世,1987-09-03,1987-09
我空军飞行模拟器形成配套系列,1987-09-03,1987-09
中国选手朱玉青破女子七项全能亚洲纪录,1987-09-03,1987-09
全运会乒乓球预赛多名强将落马,1987-09-03,1987-09
全运会第十二枚金牌产生,1987-09-03,1987-09
泰国队与日本队踢平,1987-09-03,1987-09
一场有意义的篮球赛,1987-09-03,1987-09
简讯,1987-09-03,1987-09
一年半查出违纪金额４０亿元,1987-09-03,1987-09
查处违反财经纪律和严重损失浪费,1987-09-03,1987-09
赵紫阳出访东欧五国和巴基斯坦圆满成功,1987-09-03,1987-09
人大常委会委员同意设海南省将提请全国人大审议决定并授权国务院成立海南建省筹备组,1987-09-03,1987-09
加强人大与蒙古大人民呼拉尔来往,1987-09-03,1987-09
日本多次发生破坏中日友好事件  当局应采取果断措施严惩肇事者,1987-09-03,1987-09
乔石会见并宴请黄文欢,1987-09-03,1987-09
约旦、特立尼达和多巴哥、牙买加客人将访华,1987-09-03,1987-09
苏联支持金边提出的“民族和解”方案,1987-09-03,1987-09
纪念井冈山革命根据地创建六十周年,1987-09-03,1987-09
党和国家领导人参观我军新成就展览,1987-09-03,1987-09
海航十名飞行员将任舰艇长,1987-09-03,1987-09
外事简讯,1987-09-03,1987-09
回忆新中国杰出的外交家章汉夫同志,1987-09-03,1987-09
报国填沧海成仁重泰山,1987-09-03,1987-09
决心将反对苏联占领军战斗进行到底,1987-09-03,1987-09
谈波苏关系史上一些重大问题,1987-09-03,1987-09
审判西德公民鲁斯特,1987-09-03,1987-09
‘日久见人心’,1987-09-03,1987-09
民柬国民军在金边暹粒等地袭击越军,1987-09-03,1987-09
改组国防部两机构查处兵变有关人员,1987-09-03,1987-09
巩固印支“战略联盟”加强同苏“全面合作”,1987-09-03,1987-09
莫斯科市作出关于举行集会游行的临时规定,1987-09-03,1987-09
两伊继续袭击对方目标,1987-09-03,1987-09
一句话新闻,1987-09-03,1987-09
简讯,1987-09-03,1987-09
国际要闻简报,1987-09-03,1987-09
两伊重开“油轮战”（综述）,1987-09-03,1987-09
世界私人对外直接投资猛增,1987-09-03,1987-09
南斯拉夫失业人数下降,1987-09-03,1987-09
绵羊基因注入鼠内英科学家试验成功,1987-09-03,1987-09
西德首次成功移植单纯肺,1987-09-03,1987-09
接受骨髓移植三年波兰女孩恢复正常,1987-09-03,1987-09
卓有成效的合作,1987-09-03,1987-09
欧共体将对组装日货进行反倾销调查,1987-09-03,1987-09
意大利今年夏季旅游业兴旺,1987-09-03,1987-09
日本Ｌ型立体新式停车场,1987-09-03,1987-09
妙乐为何变噪声？（美学杂谈）,1987-09-03,1987-09
喜归的雀子〔外一章〕,1987-09-03,1987-09
阳翰笙与赵清阁的通信灯下谈心,1987-09-03,1987-09
水碾的记忆,1987-09-03,1987-09
宣德炉·宁式床之类的追求,1987-09-03,1987-09
唱晚,1987-09-03,1987-09
北京地区天气预报,1987-09-04,1987-09
制止乱涨价必须管好国营企业,1987-09-04,1987-09
进一步把农村水利建设搞上去,1987-09-04,1987-09
全党赞成改革全民拥护改革,1987-09-04,1987-09
用微电子技术改造旧设备前景广阔,1987-09-04,1987-09
多快好省的技术改造之路（短评）,1987-09-04,1987-09
一些部门单位见利忘义受到批评查处,1987-09-04,1987-09
为孩子健康成长无私奉献,1987-09-04,1987-09
承包经营制获明显经济效益我国工业企业利润逐月上升,1987-09-04,1987-09
邓小平《论当代中国基本问题》外文版出版,1987-09-04,1987-09
神州大地,1987-09-04,1987-09
蔬菜生产现代化,1987-09-04,1987-09
成功之道,1987-09-04,1987-09
违反财经纪律现象普遍管理不严损失浪费突出,1987-09-04,1987-09
广东浮法玻璃厂建成投产,1987-09-04,1987-09
租赁经营搞活了三江浴池,1987-09-04,1987-09
南方各省区严厉打击毁林活动,1987-09-04,1987-09
丰产素在各地推广应用,1987-09-04,1987-09
简讯,1987-09-04,1987-09
花村新花更醉人,1987-09-04,1987-09
简讯,1987-09-04,1987-09
我地震工作进入经济开发领域,1987-09-04,1987-09
永安市出售带病菌冷饮千人中毒,1987-09-04,1987-09
《当代中国的核工业》出版,1987-09-04,1987-09
大连举行中文电脑公开赛,1987-09-04,1987-09
不包分配有助于学生自律自立自强,1987-09-04,1987-09
中国大百科全书中国文学卷出版,1987-09-04,1987-09
中国国家海洋局南太平洋常设委员会开展海洋科技合作,1987-09-04,1987-09
世界举重锦标赛即将开幕中国大力士抵达比武之地,1987-09-04,1987-09
棋坛骄子会战江阴冠军归属已露端倪,1987-09-04,1987-09
从关平再次受罚谈起,1987-09-04,1987-09
教科文零讯,1987-09-04,1987-09
罗马田径大赛日趋激烈,1987-09-04,1987-09
意大利队夺世界自行车锦标赛男子１００公里公路团体赛冠军,1987-09-04,1987-09
简讯,1987-09-04,1987-09
北农大学生社会实践有声有色,1987-09-04,1987-09
天津理论工作者下基层调研,1987-09-04,1987-09
高校后勤服务向社会化发展,1987-09-04,1987-09
《我们心中的辅导员》征文发将,1987-09-04,1987-09
声光化电尽含情,1987-09-04,1987-09
来自基层的意见,1987-09-04,1987-09
空军原副司令员谭家述同志在京逝世,1987-09-04,1987-09
对查出问题的处理抓得不紧对各种违法行为应依法治罪,1987-09-04,1987-09
莫找便宜帽子戴（漫话）,1987-09-04,1987-09
地方各级人大帮助‘一府两院’改进工作,1987-09-04,1987-09
王震会见二阶堂进一行,1987-09-04,1987-09
云南边防某部一批英模再立新功,1987-09-04,1987-09
“工合国际委员会”恢复活动,1987-09-04,1987-09
外事简讯,1987-09-04,1987-09
南昌３名蒙面抢劫案犯在昆明落网,1987-09-04,1987-09
基辛格在京作外交政策演讲,1987-09-04,1987-09
康有为《大同书》的历史价值,1987-09-04,1987-09
读卓炯《再论社会主义商品经济》,1987-09-04,1987-09
谈谈加强国土管理,1987-09-04,1987-09
广东省加强改革的研究和探索,1987-09-04,1987-09
采取措施结束南非对纳米比亚的占领,1987-09-04,1987-09
一句话新闻,1987-09-04,1987-09
海湾“油轮战”愈演愈烈,1987-09-04,1987-09
甜蜜的空话,1987-09-04,1987-09
制止军备竞赛促进经济发展,1987-09-04,1987-09
苏报否定莫洛托夫侮辱波兰的提法波兰政府新闻发言人对此表示满意,1987-09-04,1987-09
国际要闻简报,1987-09-04,1987-09
金日成主席会见我空军代表团,1987-09-04,1987-09
西德条件如获满足美将撤回潘兴ⅠＡ核弹头,1987-09-04,1987-09
“我希望得到宽恕”,1987-09-04,1987-09
改革经互会内部结构促进成员国经济发展,1987-09-04,1987-09
南斯拉夫揭露战后最大的金融舞弊案共盟中央要求查明前因后果严肃处理,1987-09-04,1987-09
荣获国际桥梁及结构工程奖,1987-09-04,1987-09
亚洲开发银行首次向我国贷款,1987-09-04,1987-09
中国电影《大阅兵》获三等奖,1987-09-04,1987-09
波兰一中学开设汉语班,1987-09-04,1987-09
日又兼并—美大公司,1987-09-04,1987-09
守护森林的‘绿盔部队’,1987-09-04,1987-09
养鸵鸟可发大财,1987-09-04,1987-09
错印的邮票身价高情报局雇员发横财,1987-09-04,1987-09
‘小’的哲学随想,1987-09-04,1987-09
风雨铜官窑,1987-09-04,1987-09
远近高低各不同,1987-09-04,1987-09
脱漆的站牌,1987-09-04,1987-09
学“哭嫁”,1987-09-04,1987-09
山风,1987-09-04,1987-09
北京地区天气预报,1987-09-05,1987-09
今年我国粮棉油可望增产,1987-09-05,1987-09
进一步审议几项法律草案,1987-09-05,1987-09
福建构筑起新经济框架,1987-09-05,1987-09
我国经济立法初具规模,1987-09-05,1987-09
国务院发布航道管理条例,1987-09-05,1987-09
邓颖超会见二阶堂进一行,1987-09-05,1987-09
进一步解放和发展艺术生产力,1987-09-05,1987-09
我开始步入技术出口国行列,1987-09-05,1987-09
李瑞环任天津市委书记,1987-09-05,1987-09
“巧克力大厦”的脉搏,1987-09-05,1987-09
唐山农民运销大显身手,1987-09-05,1987-09
集中力量搞好秋冬种备耕备播,1987-09-05,1987-09
制止加价抢购和提级收购烟叶,1987-09-05,1987-09
简讯,1987-09-05,1987-09
要有‘第一个吃螃蟹’的精神（短评）,1987-09-05,1987-09
山东三千大学生暑期扶贫一举多得,1987-09-05,1987-09
黑龙江扶助万户农村教师家属脱贫,1987-09-05,1987-09
社会实践也是课堂（社会理论）,1987-09-05,1987-09
国内外组织和个人不得擅自在华招留学生,1987-09-05,1987-09
今年招研究生在职人员居半,1987-09-05,1987-09
培养研究生为一代青年马克思主义者,1987-09-05,1987-09
国产瘦肉猪走俏海外市场,1987-09-05,1987-09
应用微机测报水稻螟虫试验成功,1987-09-05,1987-09
一种新型雷达在京通过技术鉴定,1987-09-05,1987-09
第三世界科学院第二次大会将在北京举行,1987-09-05,1987-09
全国妇联领导燕山深处慰问幼儿教师,1987-09-05,1987-09
上海交大闵行二部建成,1987-09-05,1987-09
教科文零讯,1987-09-05,1987-09
李梅素黄志红获女子铅球决赛权,1987-09-05,1987-09
无腿冠军,1987-09-05,1987-09
全运会乒乓球预赛单项比赛,1987-09-05,1987-09
湖北足球队违反赛场纪律受处理,1987-09-05,1987-09
霍英东体育发展基金会为国出力提供七十多万美元用于体育事业,1987-09-05,1987-09
首届国产汽车拉力赛即将开幕,1987-09-05,1987-09
首都各界四百余人隆重集会,1987-09-05,1987-09
对大气污染防治法草案提出修改建议,1987-09-05,1987-09
对档案法草案提出修改意见,1987-09-05,1987-09
各地调解组织充分发挥作用防止纠纷激化稳定社会治安,1987-09-05,1987-09
全国人武干部将佩戴专业符号,1987-09-05,1987-09
临沭四千余农村姑娘退还彩礼,1987-09-05,1987-09
益阳县抓紧精简机构,1987-09-05,1987-09
有关各方为恢复海湾地区和平与安全作出努力,1987-09-05,1987-09
制订守则之后（漫话）,1987-09-05,1987-09
北京边防局为中外旅客办好事一千九百余件,1987-09-05,1987-09
延边朝鲜族自治州庆祝建州３５周年,1987-09-05,1987-09
杨尚昆会见基辛格,1987-09-05,1987-09
宋双乔森潘离京,1987-09-05,1987-09
简讯,1987-09-05,1987-09
学校罚款给我带来的痛苦（心里话）,1987-09-05,1987-09
别让学生处在苦闷之中（编后）,1987-09-05,1987-09
借‘灾民’的名义骗钱要不得(来访纪要),1987-09-05,1987-09
盲目探险考察不宜提倡（街头巷议）,1987-09-05,1987-09
泗水县一些“油耗子”落入法网（毖后录）,1987-09-05,1987-09
索宝贵的安民告示（表扬）,1987-09-05,1987-09
加强对电焊工的管理和技术培训,1987-09-05,1987-09
经法院判决离婚要不要发离婚证？,1987-09-05,1987-09
济南站售票厅混乱状况有所改善（批评以后）,1987-09-05,1987-09
抓好小学生的品德教育（调查思考）,1987-09-05,1987-09
布隆迪发生军事政变,1987-09-05,1987-09
布隆迪共和国,1987-09-05,1987-09
敦促两伊接受５９８号决议尽早停火,1987-09-05,1987-09
意商船在海湾遭受袭击日本被迫暂停石油运输,1987-09-05,1987-09
哥中两国要进一步扩大友好合作关系,1987-09-05,1987-09
日政府就光华寮案表态不违反“三权分立”,1987-09-05,1987-09
埃约领导人在亚历山大港会晤,1987-09-05,1987-09
就南朝鲜大选时间表达成协议,1987-09-05,1987-09
第二届法语国家首脑会议开幕,1987-09-05,1987-09
一句话新闻,1987-09-05,1987-09
“中国医生给我的手”（津巴布韦通讯）,1987-09-05,1987-09
匈领导人卡拉伊会见王恩茂一行,1987-09-05,1987-09
我驻苏大使向葛罗米柯主席递交国书,1987-09-05,1987-09
苏最高法院判处鲁斯特４年徒刑,1987-09-05,1987-09
国际要闻简报,1987-09-05,1987-09
从“ＦＳＸ”战斗机到“宙斯盾”级巡洋舰,1987-09-05,1987-09
拉美经济体系号召成员国采取联合行动,1987-09-05,1987-09
捷公布农业合作社法律草案供全民讨论,1987-09-05,1987-09
苏联学者就经济改革进行民意测验,1987-09-05,1987-09
世界去年石油产量达２９亿吨,1987-09-05,1987-09
美国大火吞没几十万英亩森林,1987-09-05,1987-09
发展旅游业的新尝试（科特迪瓦通讯）,1987-09-05,1987-09
教堂禁奏非宗教音乐,1987-09-05,1987-09
欧洲旅游热与污染,1987-09-05,1987-09
新型水下油漆,1987-09-05,1987-09
无烟电站,1987-09-05,1987-09
电脑打印蒙古文,1987-09-05,1987-09
酒与病,1987-09-05,1987-09
艺术也需要改革开放,1987-09-05,1987-09
是童话，也是人间悲喜剧,1987-09-05,1987-09
金色的阿勒泰,1987-09-05,1987-09
琴岛,1987-09-05,1987-09
暖洋洋,1987-09-05,1987-09
北京地区天气预报,1987-09-06,1987-09
首届中国艺术节在京隆重开幕,1987-09-06,1987-09
通过大气污染防治法和档案法  授权国务院成立海南建省筹备组,1987-09-06,1987-09
人大常委会关于国务院提请审议设立海南省议案的决定,1987-09-06,1987-09
希望中日双方关注两国间出现的麻烦  保证两国人民真正世世代代友好下去,1987-09-06,1987-09
希望文艺工作者更自觉投身时代洪流,1987-09-06,1987-09
海湾紧张局势是世界热点中的热点,1987-09-06,1987-09
我国新型建材工业形成体系,1987-09-06,1987-09
高度超百米大厦我国已有十七座,1987-09-06,1987-09
企业与大学应该“联姻”(每周论坛),1987-09-06,1987-09
在改革中造就农村一代新人,1987-09-06,1987-09
顺应改革开放的冲击,1987-09-06,1987-09
商品粮基地建设进入推广发展阶段,1987-09-06,1987-09
做好核安全保障工作,1987-09-06,1987-09
简讯,1987-09-06,1987-09
成功之道,1987-09-06,1987-09
卫生改革使亿万人民受惠,1987-09-06,1987-09
第三届全国发明展览会开幕,1987-09-06,1987-09
在大西北坚持科研精神可嘉,1987-09-06,1987-09
中国医学基金会成立,1987-09-06,1987-09
成都军区歌舞团在京演出受欢迎,1987-09-06,1987-09
人自体表皮细胞片移植在长海医院获成功,1987-09-06,1987-09
断层蠕动致使大地开裂,1987-09-06,1987-09
北京教育系统表彰先进,1987-09-06,1987-09
上海高校教书育人模范受嘉奖,1987-09-06,1987-09
西藏教育经费增长率居全国之首,1987-09-06,1987-09
教科文零讯,1987-09-06,1987-09
我国选手王秀婷破女子万米亚洲纪录,1987-09-06,1987-09
我们进步别人也在提高,1987-09-06,1987-09
围棋国手赛分组赛鸣金,1987-09-06,1987-09
石景山体育场举行为第十一届亚运会集资义赛,1987-09-06,1987-09
体育书讯,1987-09-06,1987-09
汤普森惨败后一反常态,1987-09-06,1987-09
我选手进世界田径锦标赛男子４×１００半决赛,1987-09-06,1987-09
六届全国人大常委会第二十二次会议决定,1987-09-06,1987-09
壮乡小道风情录,1987-09-06,1987-09
表扬陇海铁路隧道抢险部队指战员,1987-09-06,1987-09
武警晋江县大队荣立一等功,1987-09-06,1987-09
赵总理会见墨西哥新任驻华大使,1987-09-06,1987-09
外事简讯,1987-09-06,1987-09
国家庄煤矿干部能上能下,1987-09-06,1987-09
荆门破获一起特大盗窃案,1987-09-06,1987-09
轰轰烈烈与扎扎实实（漫话）,1987-09-06,1987-09
湖南省纪念秋收起义６０周年,1987-09-06,1987-09
吴学谦同阿拉伯客人会谈,1987-09-06,1987-09
湖南省军区原政委谭文邦在广州逝世,1987-09-06,1987-09
一代名医张孝骞,1987-09-06,1987-09
初为人师,1987-09-06,1987-09
安理会赞同秘书长访问伊朗讨论执行联合国５９８号决议,1987-09-06,1987-09
布隆迪政变后首都局势平静,1987-09-06,1987-09
伊朗谨慎对待海湾局势避免更多混乱,1987-09-06,1987-09
贝里提出解决巴难民营问题建议阿拉法特表示欢迎这一积极行动,1987-09-06,1987-09
西德朝野对苏判鲁斯特四年徒刑表示遗憾,1987-09-06,1987-09
意大利政府决定派军舰去海湾护航,1987-09-06,1987-09
美国竟增加对台湾商业性武器出口,1987-09-06,1987-09
为限制通货膨胀和美元汇价再下跌美中央银行宣布提高贴现率,1987-09-06,1987-09
一句话新闻,1987-09-06,1987-09
我驻纽约总领事举行招待会,1987-09-06,1987-09
我电影导演韩刚在欧登塞国际电影节获奖,1987-09-06,1987-09
从‘毛驴炸弹’说起,1987-09-06,1987-09
国际要闻简报,1987-09-06,1987-09
阿游击队袭击贾拉拉巴德机场,1987-09-06,1987-09
大地在呼唤,1987-09-06,1987-09
充满鲜花的一天,1987-09-06,1987-09
地下商业城——阿乐商场,1987-09-06,1987-09
被战争遗忘的角落,1987-09-06,1987-09
伊斯坦布尔巡礼,1987-09-06,1987-09
度蜜月花样翻新,1987-09-06,1987-09
建筑奇趣,1987-09-06,1987-09
关于我国思想库建设的思考,1987-09-06,1987-09
改革中的相悖经济现象,1987-09-06,1987-09
中国文化的三次高潮,1987-09-06,1987-09
联邦德国的‘听书’市场,1987-09-06,1987-09
未来的农业,1987-09-06,1987-09
美学在工业设计中的作用,1987-09-06,1987-09
窑洞人家长寿多,1987-09-06,1987-09
提倡节育有古人,1987-09-06,1987-09
也说“老人节”,1987-09-06,1987-09
一百万年后罗盘的指向,1987-09-06,1987-09
北京地区天气预报,1987-09-07,1987-09
我国今年起实行干部增长计划管理,1987-09-07,1987-09
赵紫阳同十名最佳农民企业家座谈,1987-09-07,1987-09
苏锡常地区加快发展外向型经济,1987-09-07,1987-09
公布大气污染防治法和档案法,1987-09-07,1987-09
笑迎天下客温暖万人心,1987-09-07,1987-09
领导到改革第一线解决难题,1987-09-07,1987-09
中国艺术节美展在京开幕,1987-09-07,1987-09
青年科学基金申请者踊跃,1987-09-07,1987-09
四川巫溪县发生大崩岩,1987-09-07,1987-09
来而不往亦有理(今日谈),1987-09-07,1987-09
神州大地,1987-09-07,1987-09
挑战与对策,1987-09-07,1987-09
中原十五地市横向联合路子宽,1987-09-07,1987-09
西南五省区横向经济联系成网,1987-09-07,1987-09
手下留蛇！(来信),1987-09-07,1987-09
眼镜市场亟需加强质量管理,1987-09-07,1987-09
石家庄食品一厂厂长被逮捕,1987-09-07,1987-09
非农领域新创造上亿就业机会,1987-09-07,1987-09
简讯,1987-09-07,1987-09
天津师大教改突出师范专业特点,1987-09-07,1987-09
中年科学家董泽清被追认为中共党员,1987-09-07,1987-09
中华浩歌动地来,1987-09-07,1987-09
商河县里领导尊师在点子上,1987-09-07,1987-09
保定下乡干部支教如及时雨,1987-09-07,1987-09
相信中国二０００年前可消除文盲,1987-09-07,1987-09
中国竹子技术研究开发中心在杭州成立,1987-09-07,1987-09
一中学教师发明节能增力器,1987-09-07,1987-09
广西推行用壮族语文教学,1987-09-07,1987-09
教科文零讯,1987-09-07,1987-09
刘易斯布勃卡未能如愿破纪录,1987-09-07,1987-09
冲出亚洲之后怎么办,1987-09-07,1987-09
全国企业足球赛大连造船厂队捧杯,1987-09-07,1987-09
全运会乒乓球男女单打进军羊城名单确定,1987-09-07,1987-09
世界举重大赛之前服兴奋剂五名运动员被取消参赛资格,1987-09-07,1987-09
元老杯网球赛落幕,1987-09-07,1987-09
金利来杯足球邀请赛辽宁队克强手夺桂冠,1987-09-07,1987-09
世界田径赛花絮,1987-09-07,1987-09
保护和开发档案资源的重要法律,1987-09-07,1987-09
福州郊区对党员进行思想教育,1987-09-07,1987-09
汉阳党政机关转变作风,1987-09-07,1987-09
南下路上的思念,1987-09-07,1987-09
首钢劳资处原副处长夏广泉被清除出党,1987-09-07,1987-09
空军一批团干部受表彰,1987-09-07,1987-09
广西复查归侨侨眷申诉案,1987-09-07,1987-09
百岁维吾尔老人乘飞机遨游蓝天,1987-09-07,1987-09
宝鸡基层民主评议领导机关,1987-09-07,1987-09
吴学谦同约旦外交大臣马斯里会谈,1987-09-07,1987-09
简讯,1987-09-07,1987-09
一棵刀豆苗竟值８７０元侵犯人权理应受到处罚,1987-09-07,1987-09
王怀礼夫妇报案为何受罚,1987-09-07,1987-09
不能用违法手段制止违法行为,1987-09-07,1987-09
王庆新私拆电话受处分,1987-09-07,1987-09
抚宁法院召开案例发布会,1987-09-07,1987-09
排除阻力深化改革,1987-09-07,1987-09
流通体制改革研讨会简述,1987-09-07,1987-09
赞扬民柬联合政府代表团访华成功,1987-09-07,1987-09
美中友协全国代表大会开幕,1987-09-07,1987-09
科威特宣布驱逐五名伊朗外交人员,1987-09-07,1987-09
乍军占领利比亚境内一基地,1987-09-07,1987-09
布隆迪新政权批评前政府政策,1987-09-07,1987-09
为和平与裁军作贡献,1987-09-07,1987-09
西德为何放弃潘兴ⅠＡ导弹,1987-09-07,1987-09
一句话新闻,1987-09-07,1987-09
从“葬礼上的会见”到正式访问,1987-09-07,1987-09
国际要闻简报,1987-09-07,1987-09
美国贸易何以连年逆差？,1987-09-07,1987-09
美国失业率下降,1987-09-07,1987-09
蒙古出现第一家私人饭馆,1987-09-07,1987-09
日本企业家眼中的人材标准,1987-09-07,1987-09
苏联城市蔬菜供应紧张,1987-09-07,1987-09
加拿大为世界最大产铀国,1987-09-07,1987-09
英法生活水平差别缩小,1987-09-07,1987-09
古巴前民航局长被判刑２０年,1987-09-07,1987-09
墨西哥城地铁日运客量居世界第一,1987-09-07,1987-09
垃圾与海水污染,1987-09-07,1987-09
首届中国艺术节荟萃,1987-09-07,1987-09
北京地区天气预报,1987-09-08,1987-09
上海外向型经济形成新格局,1987-09-08,1987-09
中国将继续发展核电,1987-09-08,1987-09
我国核安全将做到万无一失,1987-09-08,1987-09
社会各界踊跃捐助教师奖励基金,1987-09-08,1987-09
何灼强创挺举世界纪录,1987-09-08,1987-09
表彰全国１５０名优秀辅导员,1987-09-08,1987-09
国家正着手制订若干经济法规  使改革决策做到法律化制度化,1987-09-08,1987-09
赵总理会见马来西亚副总理加法尔,1987-09-08,1987-09
在废墟上崛起,1987-09-08,1987-09
特立尼达和多巴哥、牙买加议会代表团,1987-09-08,1987-09
不到长城非好汉,1987-09-08,1987-09
湖北粮食连续六年跨新台阶,1987-09-08,1987-09
石狮沉浮记,1987-09-08,1987-09
贵阳液压附件厂开发１０个系列新产品,1987-09-08,1987-09
北疆铁路铺轨到达乌苏,1987-09-08,1987-09
铁路机车车辆生产发展迅速,1987-09-08,1987-09
烟台第二化工厂产品质量高鹿牌香皂出口连续两年夺魁,1987-09-08,1987-09
泸州名酒节成交金额八亿多元,1987-09-08,1987-09
沪千余家企业推行现代化管理,1987-09-08,1987-09
“梅山”的魄力,1987-09-08,1987-09
五百大学生大别山扶贫满载归,1987-09-08,1987-09
各地举行活动迎接“国际扫盲日”,1987-09-08,1987-09
五名外国专家获我“国际科技合作奖”,1987-09-08,1987-09
中国协和医科大学中国医学科学院为发展医学事业贡献大,1987-09-08,1987-09
探究思想工作的艺术（之一）,1987-09-08,1987-09
在大学新生报到处（新闻速写）,1987-09-08,1987-09
第二届世界田径锦标赛闭幕,1987-09-08,1987-09
第七届围棋国手战浙江陈临新获冠军,1987-09-08,1987-09
中国选手旗开得胜,1987-09-08,1987-09
一举惊人,1987-09-08,1987-09
研讨京津地区水资源政策,1987-09-08,1987-09
中国残疾人艺术团新近组建登台为中国艺术节增添色彩,1987-09-08,1987-09
教科文零讯,1987-09-08,1987-09
衡水市建立议事网络,1987-09-08,1987-09
军队人才结构出现明显变化,1987-09-08,1987-09
继续加强科学文化教育提高培养两用人才质量,1987-09-08,1987-09
北京的满族人（民族地区纪行）,1987-09-08,1987-09
女工倍风拾金不昧日本游客表示感谢,1987-09-08,1987-09
兴化农家女倡导退彩礼冲破旧习俗幸福靠自己,1987-09-08,1987-09
李觉同志遗体告别仪式在京举行,1987-09-08,1987-09
大庆地区出现严重洪涝当地军民奋力抗洪抢险,1987-09-08,1987-09
老山前线将士给母校赠送千余纪念品,1987-09-08,1987-09
万里会见四位外国农业专家,1987-09-08,1987-09
田纪云同马来西亚副总理加法尔会谈,1987-09-08,1987-09
简讯,1987-09-08,1987-09
田纪云欢宴马来西亚副总理加法尔,1987-09-08,1987-09
漫谈改革题材文学,1987-09-08,1987-09
为了文学的成熟,1987-09-08,1987-09
绘画语言功能谈,1987-09-08,1987-09
多棱的性格杂色的世界,1987-09-08,1987-09
《姑娘跑向罗马》〔文艺新作〕,1987-09-08,1987-09
昂纳克开始对联邦德国正式访问,1987-09-08,1987-09
东盟各国在柬埔寨问题上立场一致,1987-09-08,1987-09
促进欧共体的团结与合作（丹麦通讯）,1987-09-08,1987-09
两伊继续相互进攻,1987-09-08,1987-09
科欢迎联合国秘书长访两伊,1987-09-08,1987-09
菲律宾释放八百余名参与政变官兵,1987-09-08,1987-09
在斯东部地区组织罢市,1987-09-08,1987-09
一句话新闻,1987-09-08,1987-09
北欧外长呼吁美苏尽快达成中导协议,1987-09-08,1987-09
反对党正义党票数居先  执政党激进党失去多数,1987-09-08,1987-09
吴克列向我空军代表团成员授勋,1987-09-08,1987-09
博茨瓦纳总统接见中联部考察组,1987-09-08,1987-09
我代表向联合国维也纳办事处总干事递交证书,1987-09-08,1987-09
简讯,1987-09-08,1987-09
国际要闻简报,1987-09-08,1987-09
打气,1987-09-08,1987-09
第三世界是西欧的重要伙伴,1987-09-08,1987-09
萨尔内总统宣布巴西掌握浓缩铀生产技术,1987-09-08,1987-09
中国民航北京—温哥华线通航,1987-09-08,1987-09
上海自行车在美国受欢迎,1987-09-08,1987-09
泰国经济继续回升,1987-09-08,1987-09
思茶问酒向谁家（国外剪影）,1987-09-08,1987-09
国际扫盲日（资料）,1987-09-08,1987-09
读韦君宜《病室众生相》,1987-09-08,1987-09
菊花枕,1987-09-08,1987-09
哭亚平,1987-09-08,1987-09
友谊,1987-09-08,1987-09
纤指度繁弦古筝传新韵,1987-09-08,1987-09
季节风,1987-09-08,1987-09
火不侵玉,1987-09-08,1987-09
建筑艺术,1987-09-08,1987-09
北京地区天气预报,1987-09-09,1987-09
深化教育改革教师肩负重任,1987-09-09,1987-09
重庆城市经济结构大变,1987-09-09,1987-09
依靠广大群众严惩刑事经济犯罪活动检察机关半年受理信访超过４８万件次,1987-09-09,1987-09
李先念会见特立尼达和多巴哥客人,1987-09-09,1987-09
上海作出部署整顿市场秩序,1987-09-09,1987-09
三百多万公斤粮食遭污染,1987-09-09,1987-09
昌黎县今夏接待游客百万,1987-09-09,1987-09
神州大地,1987-09-09,1987-09
有感于“政策女婿”（今日谈）,1987-09-09,1987-09
财政局长的新观念,1987-09-09,1987-09
陶板壁画,1987-09-09,1987-09
苏州外贸收购额两年翻一番,1987-09-09,1987-09
秦山大亚湾核电站是安全堆型,1987-09-09,1987-09
郭家窑引水入村叩开富门,1987-09-09,1987-09
加强综合管理发展对外加工装配业务,1987-09-09,1987-09
徐州铁路枢纽扩建工程进展顺利,1987-09-09,1987-09
北京气象卫星地面站启用,1987-09-09,1987-09
沈阳冶炼厂开展内部升级活动,1987-09-09,1987-09
真杜康控诉假杜康,1987-09-09,1987-09
简讯,1987-09-09,1987-09
我种植机械加快更新换代,1987-09-09,1987-09
经济信息报刊业务研讨会在京召开,1987-09-09,1987-09
深化教育改革，为发展教育事业做出更大的贡献,1987-09-09,1987-09
第二届全国优秀科普作品奖评奖揭晓,1987-09-09,1987-09
法卡山三百军功章寄赠“园丁”,1987-09-09,1987-09
汇集我国几十年民族研究成果《民族词典》出版,1987-09-09,1987-09
世界卫生组织西太区年会在京召开,1987-09-09,1987-09
全国教师书画摄影展在京开幕,1987-09-09,1987-09
首都五百多名保教工作者欢聚一堂,1987-09-09,1987-09
捷生化试剂研讨会在京开幕,1987-09-09,1987-09
著名翻译家、作家曹靖华逝世,1987-09-09,1987-09
科普创作可为社会生财,1987-09-09,1987-09
教科文零讯,1987-09-09,1987-09
保加利亚选手成绩突出,1987-09-09,1987-09
科海杯乒乓球精英赛十日开球我国现役世界冠军将披挂上阵,1987-09-09,1987-09
中国队负于秘鲁队,1987-09-09,1987-09
一次高水平的比赛,1987-09-09,1987-09
建设体育强国需要狠抓田径,1987-09-09,1987-09
金沙县政法委书记为己祝寿影响恶劣有关部门正在继续查处,1987-09-09,1987-09
各部委认真处理人大代表批评建议,1987-09-09,1987-09
我国城乡八月份交通事故超过两万次,1987-09-09,1987-09
昆明审理重大倒卖香烟案,1987-09-09,1987-09
深切怀念老战友谭家述同志,1987-09-09,1987-09
不应该承认错误吗？（漫话）,1987-09-09,1987-09
工程兵某部赶到巫溪滑坡灾区抢险,1987-09-09,1987-09
西哈努克亲王和夫人离京赴巴黎,1987-09-09,1987-09
澳籍华人冯德成捐赠千辆轮椅,1987-09-09,1987-09
李鹏会见菲律宾客人,1987-09-09,1987-09
饶斌骨灰安放仪式在京举行,1987-09-09,1987-09
简讯,1987-09-09,1987-09
朱其文遗体告别仪式在京举行,1987-09-09,1987-09
刘福同志在京逝世,1987-09-09,1987-09
耕地减少“经验”何在,1987-09-09,1987-09
一边乱占土地一边介绍经验  勇于向不正之风作斗争,1987-09-09,1987-09
不要再放火烧山了（呼吁）,1987-09-09,1987-09
两岸炮声禁不住三峡尚存几青山,1987-09-09,1987-09
国库券倒卖者的自白（瑟后录）,1987-09-09,1987-09
建储蓄网点也要讲求经济效益（读者论坛）,1987-09-09,1987-09
昔阳打击拦抢车辆的罪犯,1987-09-09,1987-09
新乡冒印名酒商标者被查获（答复反应）,1987-09-09,1987-09
细微之处含真情,1987-09-09,1987-09
我该不该使用这份责任地？,1987-09-09,1987-09
成就辉煌前程锦绣（社论）,1987-09-09,1987-09
两国关系应成为东西方关系稳定因素,1987-09-09,1987-09
美中人民友协全国代表大会闭幕,1987-09-09,1987-09
一句话新闻,1987-09-09,1987-09
庆祝朝鲜建国３９周年,1987-09-09,1987-09
多哥提出解决乍利冲突三点建议,1987-09-09,1987-09
巴阿举行新一轮间接谈判,1987-09-09,1987-09
西德人质施米特在贝鲁特获释,1987-09-09,1987-09
且化“顽石”为衣裳,1987-09-09,1987-09
国际要闻简报,1987-09-09,1987-09
加强区域合作克服经济贸易困难,1987-09-09,1987-09
捷克斯洛伐克重视引进国外先进技术,1987-09-09,1987-09
许多国家和地区加紧兴建核电站,1987-09-09,1987-09
双胞胎脑后相连难生存美医生手术分离获成功,1987-09-09,1987-09
把所有权和经营权分开,1987-09-09,1987-09
西方工业国家经济将缓慢增长,1987-09-09,1987-09
意大利大豆产量猛增,1987-09-09,1987-09
加拿大降低钾肥产量,1987-09-09,1987-09
城市的色彩（美学杂谈）,1987-09-09,1987-09
好马！,1987-09-09,1987-09
大山的知音,1987-09-09,1987-09
无声的诗歌,1987-09-09,1987-09
远去的桨声,1987-09-09,1987-09
谈旧书行业（艺文谈片）,1987-09-09,1987-09
民间挑花,1987-09-09,1987-09
北京地区天气预报,1987-09-10,1987-09
海南岛建设出现崭新局面,1987-09-10,1987-09
人大代表有关教育议案受到高度重视,1987-09-10,1987-09
胡启立王震吴学谦等同志到北京一些学校慰问教师,1987-09-10,1987-09
我国为百余国家和地区培养留学生３．５万多名,1987-09-10,1987-09
教书育人时代重任,1987-09-10,1987-09
今年夏时制９月１３日结束,1987-09-10,1987-09
我首次参加国际时装节,1987-09-10,1987-09
张勃兴任陕西省委书记王群任内蒙古区党委书记,1987-09-10,1987-09
伊、冈两国议会代表团将访华,1987-09-10,1987-09
巴尔科总统因病不能如期访华,1987-09-10,1987-09
李先念会见牙买加议会代表团,1987-09-10,1987-09
邓颖超会见韩素音,1987-09-10,1987-09
神州大地,1987-09-10,1987-09
让伪劣商品亮相,1987-09-10,1987-09
重庆加强个体户职业道德教育,1987-09-10,1987-09
兰州二十八家工厂招聘厂长,1987-09-10,1987-09
检测汽车安全性能有新工具,1987-09-10,1987-09
改革，要有勇气,1987-09-10,1987-09
《鲁布革冲击》发人深思,1987-09-10,1987-09
福建电子工业发展迅速,1987-09-10,1987-09
邢台认真执行物价政策,1987-09-10,1987-09
简讯,1987-09-10,1987-09
森林采伐更新管理办法,1987-09-10,1987-09
呼吁节约钱财用于教育事业,1987-09-10,1987-09
四千多优秀教师喜登天安门城楼,1987-09-10,1987-09
京津需节约用水合理用水,1987-09-10,1987-09
一批少先队辅导员在京欢庆教师节,1987-09-10,1987-09
尊师重教无小事,1987-09-10,1987-09
中科院按照新方案深化改革在国民经济主战场释放潜能,1987-09-10,1987-09
中国农科院为农业现代化建功,1987-09-10,1987-09
五百优秀科技辅导员受表彰,1987-09-10,1987-09
《中国大百科全书·教育》卷出平装本,1987-09-10,1987-09
十位出版工作者获韬奋出版奖,1987-09-10,1987-09
我与欧洲核协会签订合作协议,1987-09-10,1987-09
“中印友谊奖”发奖会在京举行,1987-09-10,1987-09
中国体改所编写《改革与发展丛书》,1987-09-10,1987-09
教科文零讯,1987-09-10,1987-09
解放军选手超两项世界射击纪录,1987-09-10,1987-09
世界举重锦标赛第三天保选手又破一项世界纪录,1987-09-10,1987-09
张家口举行百队足球赛,1987-09-10,1987-09
世界自行车锦标赛苏联选手成绩出色,1987-09-10,1987-09
一批国家队教练大学毕业,1987-09-10,1987-09
中国女排抵香港参加世界超级赛,1987-09-10,1987-09
身残志坚,1987-09-10,1987-09
本钢端正党风见成效（党的生活）,1987-09-10,1987-09
长垣县委注重自身监督,1987-09-10,1987-09
曲阳县委增强自身活力,1987-09-10,1987-09
天镇县委发挥调研机构作用,1987-09-10,1987-09
某导弹学校党委勇于纠错,1987-09-10,1987-09
湖南严处官僚主义造成火灾爆炸事故,1987-09-10,1987-09
《一起莫名其妙的“诽谤案”》反响强烈,1987-09-10,1987-09
西藏自治区召开统战民族宗教工作会议,1987-09-10,1987-09
巫溪大崩岩抢险进展顺利,1987-09-10,1987-09
韩吉林邓麒麟被枪决,1987-09-10,1987-09
“三北”地区少数民族普法座谈会结束,1987-09-10,1987-09
江西隆重纪念秋收起义６０周年,1987-09-10,1987-09
李主席任免一批驻外大使,1987-09-10,1987-09
简讯,1987-09-10,1987-09
中国马来西亚政府海运协定在京签署,1987-09-10,1987-09
菲中友谊源远流长,1987-09-10,1987-09
我对海湾局势又紧张甚为关切,1987-09-10,1987-09
中华人民共和国大气污染防治法,1987-09-10,1987-09
中华人民共和国档案法,1987-09-10,1987-09
要求非统组织调解乍利冲突,1987-09-10,1987-09
巴解组织应代表巴人民出席中东和会,1987-09-10,1987-09
我代表应要求会见以色列外交官,1987-09-10,1987-09
福兮祸所伏,1987-09-10,1987-09
海湾局势更加动荡,1987-09-10,1987-09
美特遣舰队去地中海荷兰两扫雷艇赴海湾,1987-09-10,1987-09
魏茨泽克指出昂纳克来访意义重大  昂纳克认为访问联邦德国富有成果,1987-09-10,1987-09
两德签订三项科技合作协定,1987-09-10,1987-09
一句话新闻,1987-09-10,1987-09
丹麦大选揭晓执政党反对党都未获多数,1987-09-10,1987-09
保加利亚在改革气氛中欢度国庆,1987-09-10,1987-09
布隆迪新政权获国内广泛支持,1987-09-10,1987-09
金大中重返光州受到热烈欢迎,1987-09-10,1987-09
国际要闻简报,1987-09-10,1987-09
我国政协代表团结束对匈牙利的访问,1987-09-10,1987-09
简讯,1987-09-10,1987-09
阐述我国发展经济保障就业政策,1987-09-10,1987-09
非洲国家采取积极措施扫除文盲,1987-09-10,1987-09
教科文组织呼吁拉美国家扫盲,1987-09-10,1987-09
残疾人的呼声（意大利通讯）,1987-09-10,1987-09
格林斯潘艰难的抉择,1987-09-10,1987-09
莫斯科国际图书展销会开幕,1987-09-10,1987-09
我国首次参加莱比锡秋季博览会,1987-09-10,1987-09
在东西方文化间遨游,1987-09-10,1987-09
深深的挚爱,1987-09-10,1987-09
民间艺术之宝,1987-09-10,1987-09
谒秦陵,1987-09-10,1987-09
读《教师百科辞典》,1987-09-10,1987-09
为首届中国艺术节而作,1987-09-10,1987-09
北京地区天气预报,1987-09-11,1987-09
平朔安太堡露天煤矿投产,1987-09-11,1987-09
四川二滩电站前期工程动工,1987-09-11,1987-09
福建沙溪口电站顺利截流,1987-09-11,1987-09
我有近六千种产品进入国际市场外贸九年创汇一千八百多亿美元,1987-09-11,1987-09
青岛市房管局实行群体结构承包,1987-09-11,1987-09
新闻界要有个好作风,1987-09-11,1987-09
赵紫阳会见联合国客人,1987-09-11,1987-09
评优之忧,1987-09-11,1987-09
严格纪律纠正新闻队伍中不正之风,1987-09-11,1987-09
湖南仔猪价格回升,1987-09-11,1987-09
李先念观看艺术节演出,1987-09-11,1987-09
今年夏时制九月十三日结束,1987-09-11,1987-09
杭州小商品批发公司经营活了,1987-09-11,1987-09
国营批发企业应有所作为（短评）,1987-09-11,1987-09
旱不垮的西海固（农村改革第九年）,1987-09-11,1987-09
江苏百万农民在专业市场显身手,1987-09-11,1987-09
伪造假劣奶粉坑害消费者,1987-09-11,1987-09
劣质产品展览会产生积极效果生产厂家有压力纷纷改进服务,1987-09-11,1987-09
钱江牌啤酒质量复查合格,1987-09-11,1987-09
上海市三十万人参加旅游保险,1987-09-11,1987-09
简讯,1987-09-11,1987-09
腊子口风景区林木遭到严重破坏（来信）,1987-09-11,1987-09
广州二百企业设点招聘职工,1987-09-11,1987-09
天山南北访“长龙”,1987-09-11,1987-09
百万大中专学生暑假社会实践受益,1987-09-11,1987-09
要给知识分子更多支持,1987-09-11,1987-09
让“中国之声”更加响亮,1987-09-11,1987-09
国际台广播四十年声扬海外,1987-09-11,1987-09
我海啸警报系统将投入运行,1987-09-11,1987-09
教科文零讯,1987-09-11,1987-09
郝建秀王任重与人大教师共庆教师节,1987-09-11,1987-09
中国代表团近日组成,1987-09-11,1987-09
听任排污１５年将造成两千多亿元损失,1987-09-11,1987-09
探究思想工作的艺术（之二）,1987-09-11,1987-09
超级女排赛前点将,1987-09-11,1987-09
保加利亚选手实力雄厚世界举重赛上再夺金牌,1987-09-11,1987-09
乒乓球精英赛拉开战幕焦志敏首轮败给胡小新,1987-09-11,1987-09
技术超群夺冠无愧,1987-09-11,1987-09
简讯,1987-09-11,1987-09
给水工程团造福新疆各族人民,1987-09-11,1987-09
进一步做好智力援藏工作,1987-09-11,1987-09
河北人民武装部门充分发挥优势组织民兵投身城乡两个文明建设,1987-09-11,1987-09
全国边海防民兵工作会议结束,1987-09-11,1987-09
邝建华朱贱妹受到表彰,1987-09-11,1987-09
北空某部战士吴庆奋力抢救遇险群众,1987-09-11,1987-09
关心关心他们,1987-09-11,1987-09
北京严惩抢劫出租汽车罪犯,1987-09-11,1987-09
卢德铭烈士纪念碑在江西萍乡市落成,1987-09-11,1987-09
京铁公安分局逮捕八名“票霸”,1987-09-11,1987-09
县委书记和他的“联系户”,1987-09-11,1987-09
伊拉克国民议会代表团抵京,1987-09-11,1987-09
外事简讯,1987-09-11,1987-09
承包十忌,1987-09-11,1987-09
重视实现目的的手段,1987-09-11,1987-09
一部比较完整的长征史（书评）,1987-09-11,1987-09
《民国春秋》很有特色,1987-09-11,1987-09
联合国秘书长出访两伊,1987-09-11,1987-09
昂纳克会见西德社民党著名政治家,1987-09-11,1987-09
朝鲜政府举行盛大宴会,1987-09-11,1987-09
阿拉法特致函以色列表示愿进行直接和谈,1987-09-11,1987-09
中国之声友谊之桥（海外之声）,1987-09-11,1987-09
科·阿基诺总统接受全体内阁成员辞呈,1987-09-11,1987-09
首次列入苏联百科全书人物条目,1987-09-11,1987-09
一句话新闻,1987-09-11,1987-09
丹麦政局将呈现不稳定局面,1987-09-11,1987-09
丹麦组成新政府施吕特任首相,1987-09-11,1987-09
国际要闻简报,1987-09-11,1987-09
讨论国内社会经济和政治局势,1987-09-11,1987-09
且看这次欧日贸易冲突如何了结,1987-09-11,1987-09
阿根廷谋求冻结外债利率缓解债务问题  巴西政府建议将外债转为长期债券出售,1987-09-11,1987-09
联合国教科文组织颁发扫盲奖,1987-09-11,1987-09
非洲外债日重经济复苏受阻（科特迪瓦通讯）,1987-09-11,1987-09
虫吃虫显神通,1987-09-11,1987-09
孕妇的福音妊娠伊始便可知晓,1987-09-11,1987-09
法国一妇女生下超重男婴,1987-09-11,1987-09
湖北民间美术展览作品选,1987-09-11,1987-09
云南民族民间美术展览作品选,1987-09-11,1987-09
北京地区天气预报,1987-09-12,1987-09
全国建起１４个农村改革试验区,1987-09-12,1987-09
要从严治党,1987-09-12,1987-09
希望阿拉伯世界团结起来,1987-09-12,1987-09
要用长远眼光看中日关系,1987-09-12,1987-09
今年我国外贸出口大幅度增长头八个月出口额逾二百亿美元,1987-09-12,1987-09
我形成多渠道多形式商业格局商品零售总额八年翻了一番半,1987-09-12,1987-09
彭真会见伊拉克议会代表团,1987-09-12,1987-09
中国支持联合国秘书长的努力,1987-09-12,1987-09
安徽等地连续发生非法倒卖进口汽车案,1987-09-12,1987-09
西藏经济由供给型向经营型转变,1987-09-12,1987-09
今年夏时制９月１３日结束,1987-09-12,1987-09
湖南落实秋冬种生产面临很多困难  农民要求有关部门提供社会化服务（来信）,1987-09-12,1987-09
改革需要科学指导,1987-09-12,1987-09
中信公司力争更上一层楼,1987-09-12,1987-09
农垦商业初步形成网络,1987-09-12,1987-09
江汉５３号轮安全航行百万公里,1987-09-12,1987-09
适应国内外市场需要开发运动车前景广阔,1987-09-12,1987-09
北京举办专线特色旅游,1987-09-12,1987-09
１０个早稻主产省区完成定购任务,1987-09-12,1987-09
北方城市郊区开展经济协作,1987-09-12,1987-09
简讯,1987-09-12,1987-09
三千建设者的创造,1987-09-12,1987-09
军训对学生成长很有好处,1987-09-12,1987-09
中央机关讲师团成员在实践中长才干,1987-09-12,1987-09
我有步骤发展核电方针不会变,1987-09-12,1987-09
上海设基金会,1987-09-12,1987-09
中外来宾共庆我对外广播４０年,1987-09-12,1987-09
花满大会果满园,1987-09-12,1987-09
人口十万以下少数民族文学笔会举行,1987-09-12,1987-09
纪念“孩子剧团”建团５０周年座谈会在京召开,1987-09-12,1987-09
改善生态有助于预防胃癌,1987-09-12,1987-09
洗印废水处理新设备大量回收白银,1987-09-12,1987-09
专家确认蔡伦发明造纸,1987-09-12,1987-09
‘蚂蟥吸血’成为一种新疗法,1987-09-12,1987-09
教科文零讯,1987-09-12,1987-09
白薇同志遗体告别仪式在京举行,1987-09-12,1987-09
中国女排首场轻取美国队,1987-09-12,1987-09
匈牙利大力士世界举重赛上初露锋芒,1987-09-12,1987-09
国家足球队在天津热身与海鸥队踢平,1987-09-12,1987-09
江加良、陈新华、滕义、陈龙灿败阵,1987-09-12,1987-09
六运会预赛基本结束袁伟民希望各代表团做好决赛准备,1987-09-12,1987-09
亚洲武术锦标赛准备就绪,1987-09-12,1987-09
争取把武术列为亚运会项目,1987-09-12,1987-09
依法管好大气环境,1987-09-12,1987-09
２０个省市青年开展“东西互助”活动,1987-09-12,1987-09
人民解放军全面展开职称改革,1987-09-12,1987-09
北京卫戍区离休干部何学道立一等功,1987-09-12,1987-09
杨尚昆会见哈默博士,1987-09-12,1987-09
天津南开区改进工作作风,1987-09-12,1987-09
布达拉宫强巴佛殿配密闭式配电系统,1987-09-12,1987-09
姑嫂城村三名党支委受党纪制裁,1987-09-12,1987-09
台湾当局将有限让民众回大陆探亲,1987-09-12,1987-09
大贪污犯蒋正国落网记,1987-09-12,1987-09
简讯,1987-09-12,1987-09
新华社补正,1987-09-12,1987-09
新华社补正,1987-09-12,1987-09
呼吁,1987-09-12,1987-09
若问盗墓何不止只缘惩处不得力,1987-09-12,1987-09
受益人提起的保险金诉讼案该由谁受理？（法律顾问）,1987-09-12,1987-09
切实保护好老虎山古墓群（建议与需求）,1987-09-12,1987-09
一次不愉快的旅行（瑟后录）,1987-09-12,1987-09
恢复检查团的形象,1987-09-12,1987-09
警惕不法分子用国库券进行非法活动（街谈巷议）,1987-09-12,1987-09
别忘了安排水道（耳闻目睹）,1987-09-12,1987-09
武安县已采取措施保护磁山文化遗址,1987-09-12,1987-09
制定了墓葬管理办法,1987-09-12,1987-09
深槽大坑变坦途（答复反应）,1987-09-12,1987-09
别忘了安排水道（耳闻目睹）,1987-09-12,1987-09
防止核战争是世界当务之急,1987-09-12,1987-09
昂纳克说边界有可能不再使两德分开,1987-09-12,1987-09
两伊达成在他访问期间的停火协议,1987-09-12,1987-09
从韦贝林湖到莱茵河（述评）,1987-09-12,1987-09
要求政府增进日中友好,1987-09-12,1987-09
一句话新闻,1987-09-12,1987-09
门格斯图当选为总统,1987-09-12,1987-09
解决两伊冲突的积极行动（综述）,1987-09-12,1987-09
巴阿间接会谈未取得进展苏军撤出阿富汗遥遥无期,1987-09-12,1987-09
布约亚当选布隆迪总统,1987-09-12,1987-09
布隆迪建立新政权,1987-09-12,1987-09
国际要闻简报,1987-09-12,1987-09
阿根廷选举使政局出现变化（综述）,1987-09-12,1987-09
中国投资环境良好,1987-09-12,1987-09
现代化和对外开放政策符合中国需要,1987-09-12,1987-09
波兰酝酿建立股份制企业,1987-09-12,1987-09
美元的两难处境（经济札记）,1987-09-12,1987-09
诙谐动人的苏联木偶剧,1987-09-12,1987-09
苏科学家证实特异功能存在,1987-09-12,1987-09
澳大利亚研制出新型电动机,1987-09-12,1987-09
秘鲁古城堡正遭受严重破坏,1987-09-12,1987-09
厄瓜多尔发现金字塔群遗迹,1987-09-12,1987-09
有朋自远方来,1987-09-12,1987-09
歌坛上的一束新花,1987-09-12,1987-09
他山也有情,1987-09-12,1987-09
相声要在‘说’上下功夫（艺文谈片）,1987-09-12,1987-09
煤哥们,1987-09-12,1987-09
北京地区天气预报,1987-09-13,1987-09
二汽在改革开放中走向世界,1987-09-13,1987-09
深圳市查处严重官僚主义,1987-09-13,1987-09
上海城乡差别在缩小联姻家庭有三万多户,1987-09-13,1987-09
中国希望两伊战争尽早结束,1987-09-13,1987-09
欢迎更多美国企业家来华投资,1987-09-13,1987-09
祝贺门格斯图任总统沃格德雷斯任总理,1987-09-13,1987-09
李先念会见马勒一行,1987-09-13,1987-09
不该发生的事,1987-09-13,1987-09
一点不差，差一点不行,1987-09-13,1987-09
论‘从严治’,1987-09-13,1987-09
大碗茶续新谱,1987-09-13,1987-09
华东铁路建设进入施工准备,1987-09-13,1987-09
尽快给我们一个新体制,1987-09-13,1987-09
千磨万击还坚韧（新语）,1987-09-13,1987-09
坚持就是胜利（冲击引起的思考）,1987-09-13,1987-09
警惕经济生活中高消费倾向,1987-09-13,1987-09
用中低档工业品取代粮棉布,1987-09-13,1987-09
蔬菜限价买者欢迎小贩另有对策,1987-09-13,1987-09
郫县畜牧体制改革纪事,1987-09-13,1987-09
简讯,1987-09-13,1987-09
建校舍成为凤台农民一件要事,1987-09-13,1987-09
石油部铁道部联合科研出成果,1987-09-13,1987-09
中央民院学生暑期入黔作调查,1987-09-13,1987-09
上海医大医疗教研齐头并进,1987-09-13,1987-09
科技促进经济发展基金会成立,1987-09-13,1987-09
川西鲜水河谷断层活跃辟为地震研究理想场所,1987-09-13,1987-09
全国青年京剧演员电视赛５１人进入决赛,1987-09-13,1987-09
民间文学普查有进展,1987-09-13,1987-09
“湖北工人画廊”进京展览,1987-09-13,1987-09
阎福君访美摄影展览开幕,1987-09-13,1987-09
斯图加特芭蕾舞团来华演出,1987-09-13,1987-09
探究思想工作的艺术（之三）,1987-09-13,1987-09
全运会筹备工作进入关键时刻,1987-09-13,1987-09
荣毅仁出任基金会会长,1987-09-13,1987-09
中国女排三比０胜南朝鲜队,1987-09-13,1987-09
我国第三大体育场贺龙体育场主体工程完工,1987-09-13,1987-09
苏联举重运动员破一项世界纪录,1987-09-13,1987-09
北京的围棋热,1987-09-13,1987-09
重庆千名机关干部到基层帮助工作,1987-09-13,1987-09
化州县巩固整党成果,1987-09-13,1987-09
石牌区外出经商务工农民“信得过”,1987-09-13,1987-09
身上背个‘出版社’,1987-09-13,1987-09
雁北民主推荐县级干部候选人,1987-09-13,1987-09
老红军与外国专家座谈,1987-09-13,1987-09
联合国开发计划署署长举行记者招待会,1987-09-13,1987-09
今年１２号强台风袭击福建沿海,1987-09-13,1987-09
浙江省台湾同胞接待站成立,1987-09-13,1987-09
台湾渔轮到石浦渔港避台风,1987-09-13,1987-09
简讯,1987-09-13,1987-09
碰海妹子,1987-09-13,1987-09
二下商丘,1987-09-13,1987-09
中国取得伟大进步人民充满信心,1987-09-13,1987-09
确认裁军与发展是当前世界紧迫任务,1987-09-13,1987-09
对联邦德国的访问取得成功,1987-09-13,1987-09
积极的成果良好的开端,1987-09-13,1987-09
乍得和利比亚宣布实行停火,1987-09-13,1987-09
联合国秘书长抵达德黑兰,1987-09-13,1987-09
下届大会于１９８９年在北京举行,1987-09-13,1987-09
一句话新闻,1987-09-13,1987-09
瑞典首相的美国之行,1987-09-13,1987-09
国际要闻简报,1987-09-13,1987-09
东流歌仙再现京华,1987-09-13,1987-09
在你的理想和希望里,1987-09-13,1987-09
致我的孩子们,1987-09-13,1987-09
流星自有光焰在,1987-09-13,1987-09
贸易战缘何扰学府,1987-09-13,1987-09
诗歌,1987-09-13,1987-09
在联邦德国大门口,1987-09-13,1987-09
斯诺采访鲁迅前后,1987-09-13,1987-09
精神赡养初探,1987-09-13,1987-09
深化农村改革应该注意的问题,1987-09-13,1987-09
宋庆龄的戒指图章,1987-09-13,1987-09
世界三大古纸,1987-09-13,1987-09
体检将向Ｘ线胸透告别,1987-09-13,1987-09
城市里的喷泉,1987-09-13,1987-09
鸟类的祖先,1987-09-13,1987-09
新时期三种图书馆学,1987-09-13,1987-09
北京地区天气预报,1987-09-14,1987-09
我国实行改革对外开放九年工业企业上交财政一万亿元,1987-09-14,1987-09
中国要更加开放加快改革步子,1987-09-14,1987-09
四川生猪连续十年稳定发展,1987-09-14,1987-09
八年半来华游客超一亿,1987-09-14,1987-09
希望两伊早日和平解决武装冲突,1987-09-14,1987-09
尼泊尔国王和王后（人物介绍）,1987-09-14,1987-09
城乡六千多万住户投保家庭财产,1987-09-14,1987-09
福建沿海台风肆虐军民奋起抗灾自救,1987-09-14,1987-09
旧的思想模式已经打破了,1987-09-14,1987-09
森林、木材和家具（每周论坛）,1987-09-14,1987-09
行政办法调整耕地农民怀疑政策又变,1987-09-14,1987-09
继续努力发展我国农作物业生产,1987-09-14,1987-09
切记尊重农民意愿（短评）,1987-09-14,1987-09
怎样看待八年改革的成就和困难？,1987-09-14,1987-09
湛江经济区扎扎实实开发建设,1987-09-14,1987-09
中国工商经济咨询公司成立,1987-09-14,1987-09
简讯,1987-09-14,1987-09
农民杜纯考取博士研究生,1987-09-14,1987-09
南方旱作农业潜力可观,1987-09-14,1987-09
北京市领导与科学家对话,1987-09-14,1987-09
制成世界先进太阳磁场望远镜,1987-09-14,1987-09
大城市工程地质资料可充分利用,1987-09-14,1987-09
我治疗多脏器衰竭在世界领先,1987-09-14,1987-09
南京工学院吸收学生参与管理,1987-09-14,1987-09
放手让年轻人自立（记者来信）,1987-09-14,1987-09
烟台市产出无公害苹果,1987-09-14,1987-09
青年工人阎林首创“玻璃中国画”,1987-09-14,1987-09
吉林抓紧落实星火计划,1987-09-14,1987-09
探究思想工作的艺术（之四）,1987-09-14,1987-09
教科文零讯,1987-09-14,1987-09
中国队蝉联世界超级女排赛冠军,1987-09-14,1987-09
四强教练评点本届超级赛,1987-09-14,1987-09
北京跳伞队两次创世界最好成绩,1987-09-14,1987-09
科海杯全国乒乓球精英赛鸣金许增才刘伟陈龙灿韦晴光徐竞登上冠军奖台,1987-09-14,1987-09
香港—北京汽车拉力赛揭幕中国队六车手参赛,1987-09-14,1987-09
体育记者讲习班在羊城开课,1987-09-14,1987-09
邯郸国棉一厂搞好制度建设保证纪委对同级党委的监督,1987-09-14,1987-09
北空党委加强民主集中制建设,1987-09-14,1987-09
舞钢党委民主评议干部,1987-09-14,1987-09
开拓新领域谱写新篇章,1987-09-14,1987-09
驻济部队抗洪救灾做贡献,1987-09-14,1987-09
北京假肢厂严守职业道德,1987-09-14,1987-09
残而不废,1987-09-14,1987-09
迪庆庆祝自治州成立三十周年,1987-09-14,1987-09
铁岭人大常委会对所任命干部进行政绩考察,1987-09-14,1987-09
武钢解决干部能上难下问题,1987-09-14,1987-09
国际艺苑俱乐部向中国残疾人赠送汽车,1987-09-14,1987-09
台湾《自立晚报》两记者来大陆采访,1987-09-14,1987-09
简讯,1987-09-14,1987-09
简讯,1987-09-14,1987-09
投资体制与金融改革,1987-09-14,1987-09
第一本介绍刘铭传的学术著作（书刊评介）,1987-09-14,1987-09
《明治维新史》读后（书刊评介）,1987-09-14,1987-09
展望第四十二届联大（述评）,1987-09-14,1987-09
联合国秘书长同伊朗领导人会谈,1987-09-14,1987-09
尼中关系是邻国间和平共处的典范,1987-09-14,1987-09
泰国重申越必须参加柬问题“鸡尾酒会”,1987-09-14,1987-09
中国民航拉萨,1987-09-14,1987-09
弭兵息战谈为上,1987-09-14,1987-09
美苏高级官员讨论阿富汗问题和海湾局势,1987-09-14,1987-09
苏波纪念捷尔任斯基诞辰１１０周年,1987-09-14,1987-09
保国民议会主席会见王恩茂副主席,1987-09-14,1987-09
一句话新闻,1987-09-14,1987-09
国际要闻简报,1987-09-14,1987-09
南斯拉夫新企业破产法即将生效,1987-09-14,1987-09
非加太国家集团区域组织负责人会议闭幕,1987-09-14,1987-09
欧佩克开会解决石油超产问题,1987-09-14,1987-09
第三世界科学院简介,1987-09-14,1987-09
王蒙获蒙德罗国际文学奖特别奖,1987-09-14,1987-09
四十四届威尼斯电影节闭幕,1987-09-14,1987-09
电视连续剧《西游记》在新加坡大受欢迎,1987-09-14,1987-09
乘潜艇作海底游,1987-09-14,1987-09
上海不明飞行物并非‘天外来客’,1987-09-14,1987-09
闲话布宜诺斯艾利斯的冬天,1987-09-14,1987-09
商亦有道,1987-09-14,1987-09
西安小吃,1987-09-14,1987-09
周民震日行万步,1987-09-14,1987-09
台灯,1987-09-14,1987-09
杂志的眼睛(文化雅俗谈),1987-09-14,1987-09
雕塑的生命（美学杂谈）,1987-09-14,1987-09
大地漫笔,1987-09-14,1987-09
北京地区天气预报,1987-09-15,1987-09
尼泊尔国王和王后抵达北京,1987-09-15,1987-09
第三世界科学院二次大会开幕,1987-09-15,1987-09
中央领导强调发展西藏教育,1987-09-15,1987-09
希望之窗,1987-09-15,1987-09
全国将继续推行邮政编码,1987-09-15,1987-09
第一届中国电影展在北京开幕,1987-09-15,1987-09
北京市要求服务行业职工学习张秉贵树立服务新风,1987-09-15,1987-09
我激光视听产品投入生产,1987-09-15,1987-09
举办这种展览好（今日谈）,1987-09-15,1987-09
黄海北部农民开发滩涂养虾,1987-09-15,1987-09
北方缺水区订出长期供求计划,1987-09-15,1987-09
大中型企业承包为何进展慢（述评）,1987-09-15,1987-09
要控制贷款规模压缩货币投放,1987-09-15,1987-09
烟台二千多户职工申请买房,1987-09-15,1987-09
农民潘正玉挖大粪成万元户,1987-09-15,1987-09
新疆军区后勤部实行运油承包,1987-09-15,1987-09
广西大规模开发果木资源,1987-09-15,1987-09
西藏人吃上了自产葡萄,1987-09-15,1987-09
北京蜂王精获国际金奖,1987-09-15,1987-09
阿巴嗄旗开发利用新能源,1987-09-15,1987-09
三百多发明家手捧奖牌,1987-09-15,1987-09
我调查海底锰结核获重要成果,1987-09-15,1987-09
湖北人大敦促政府加强血防,1987-09-15,1987-09
一对女婴肝部相连广州医生成功分离,1987-09-15,1987-09
探究思想工作的艺术（之五）,1987-09-15,1987-09
银川寻到西夏皇家寺院高台寺遗址,1987-09-15,1987-09
台北市片商公会建议开放大陆影片,1987-09-15,1987-09
排除人为干扰保护监测环境（记者来信）,1987-09-15,1987-09
一种“生发灵”通过鉴定,1987-09-15,1987-09
录取新研究生注重实践锻炼,1987-09-15,1987-09
河南跳伞队为该省赢得第一枚全运会金牌,1987-09-15,1987-09
坚持开放扩大国际合作领域北京市积极组织科技进出口,1987-09-15,1987-09
教科文零讯,1987-09-15,1987-09
猛将的反思,1987-09-15,1987-09
苏保选手又破四项世界纪录,1987-09-15,1987-09
二十二篇作品获奖,1987-09-15,1987-09
世界青年女排锦标赛结束,1987-09-15,1987-09
天津海鸥足球队与上海队战平,1987-09-15,1987-09
中国武术进入联邦德国高等学府,1987-09-15,1987-09
我国工会女工工作日趋活跃,1987-09-15,1987-09
分宜县转变机关作风,1987-09-15,1987-09
大同矿务局用制度规范干部言行,1987-09-15,1987-09
无锡重视做好外来职工思想工作,1987-09-15,1987-09
某师党委开展向英模学习,1987-09-15,1987-09
空军首次举行模拟海上航空救生演习,1987-09-15,1987-09
台北举办“大陆探亲演讲会”,1987-09-15,1987-09
台湾《自立晚报》两记者抵京,1987-09-15,1987-09
人大常委会宴请冈比亚议会代表团,1987-09-15,1987-09
简讯,1987-09-15,1987-09
衡阳县领导虚心接受群众批评,1987-09-15,1987-09
平顶山查处党员干部索贿受贿,1987-09-15,1987-09
看新宾的“人参娃娃”（民族地区纪行）,1987-09-15,1987-09
全国盲残军人按摩培训班开学,1987-09-15,1987-09
太行山，镌刻着他们的名字,1987-09-15,1987-09
开发军事生活的艺术蕴藏,1987-09-15,1987-09
“改革文学”深化断想,1987-09-15,1987-09
南疆军人的风貌,1987-09-15,1987-09
反映变革的时代是作家的责任,1987-09-15,1987-09
关于小说文体研究的思考,1987-09-15,1987-09
支持联合国秘书长访问两伊,1987-09-15,1987-09
联合国秘书长抵伊拉克访问,1987-09-15,1987-09
金日成主席接见我国政协代表团,1987-09-15,1987-09
中巴签订边界联检议定书,1987-09-15,1987-09
苏法军舰通过苏伊士运河驶往海湾,1987-09-15,1987-09
通过新宪法并庆祝共和国成立,1987-09-15,1987-09
仅仅出于宣传目的（述评）,1987-09-15,1987-09
苏联无撤军诚意战斗将继续进行,1987-09-15,1987-09
新喀里多尼亚就其前途举行公民投票,1987-09-15,1987-09
苏外长谢瓦尔德纳泽抵达华盛顿,1987-09-15,1987-09
尼加拉瓜政府决定同国内反对派对话,1987-09-15,1987-09
中国人民的老朋友罗兹勋爵逝世,1987-09-15,1987-09
一句话新闻,1987-09-15,1987-09
奴才腔（札记）,1987-09-15,1987-09
国际要闻简报,1987-09-15,1987-09
罗决定呼吁解决发展中国家债务问题南强调履行债务要与发展经济相协调,1987-09-15,1987-09
日本政府应放宽对华出口限制,1987-09-15,1987-09
美国贸易政策有损澳美关系,1987-09-15,1987-09
尼泊尔教育事业的发展,1987-09-15,1987-09
西欧‘超凤凰’核电站初步查明液钠泄漏原因,1987-09-15,1987-09
最昂贵的葡萄酒,1987-09-15,1987-09
靠科学驱瘟神,1987-09-15,1987-09
蒙古发现以草为食的狼,1987-09-15,1987-09
哲人丰碑,1987-09-15,1987-09
走向艺术的殿堂,1987-09-15,1987-09
求真与务实,1987-09-15,1987-09
梅花填词砚藏者徐行恭,1987-09-15,1987-09
极天斧神镂之巧（山川风物）,1987-09-15,1987-09
徐行恭先生所藏宋澄泥砚拓片,1987-09-15,1987-09
北京地区天气预报,1987-09-16,1987-09
我国将加速轿车生产,1987-09-16,1987-09
全国下月开始税收财务物价大检查,1987-09-16,1987-09
李主席设宴欢迎比兰德拉国王和王后赵总理同国王会谈强调发展友好关系,1987-09-16,1987-09
上海港生产建设更上一层楼,1987-09-16,1987-09
特级售货员张秉贵病重住院彭真等领导人派人前往慰问,1987-09-16,1987-09
首都佳节前一派喜色,1987-09-16,1987-09
第十一届亚运会基金会成立,1987-09-16,1987-09
家庭主妇谈改革,1987-09-16,1987-09
说‘三拍’(今日谈),1987-09-16,1987-09
黑龙江垦区重新办起家庭农场,1987-09-16,1987-09
建立以科技为主的商品经济结构,1987-09-16,1987-09
面向社会公开招标一五七厂中标承包,1987-09-16,1987-09
国产电子产品质量有所提高,1987-09-16,1987-09
发展旅游产品出路何在？,1987-09-16,1987-09
武汉查处无证个体屠商,1987-09-16,1987-09
国家烟草专卖局决定整顿卷烟市场,1987-09-16,1987-09
纺织部改革质量评比办法,1987-09-16,1987-09
中坦海运公司拓宽服务领域,1987-09-16,1987-09
生态建设显功效,1987-09-16,1987-09
为进口喷水织机提供浆料吴江纺织浆料厂开发新产品,1987-09-16,1987-09
北京公开处理经济违法案件,1987-09-16,1987-09
简讯,1987-09-16,1987-09
管理科学新手段进入辽宁省府大院,1987-09-16,1987-09
我国大力推广生物防治技术,1987-09-16,1987-09
我制成具视觉功能机器人,1987-09-16,1987-09
中外专家在京研讨预防风暴潮,1987-09-16,1987-09
陕西利用专利推动经济发展,1987-09-16,1987-09
全国重要考古新发现展览开幕,1987-09-16,1987-09
《刘少奇论合作社经济》出版,1987-09-16,1987-09
中国艺术节“海河之秋”揭幕,1987-09-16,1987-09
邓颖超会见外国与会代表,1987-09-16,1987-09
老专家创新业天津成立名中医门诊部,1987-09-16,1987-09
教科文零讯,1987-09-16,1987-09
彝族服饰展览在京举行,1987-09-16,1987-09
李鹏胡启立等会见中外电影界人士,1987-09-16,1987-09
峰回路转歌不断,1987-09-16,1987-09
越剧艺术研究会在京成立,1987-09-16,1987-09
克服浅浮僵力求新真深,1987-09-16,1987-09
“体育报—武汉晚报杯”国际拳击邀请赛下月举行,1987-09-16,1987-09
老区人民爱体育江西铜鼓县三万多人参加体育活动,1987-09-16,1987-09
足球甲级队联赛沈阳赛区结束,1987-09-16,1987-09
中国女子手球队有长进敢于同世界劲旅争高低,1987-09-16,1987-09
日本足球队胜尼泊尔队,1987-09-16,1987-09
地中海运动会开幕纪实,1987-09-16,1987-09
徐州两个基本点教育深入人心,1987-09-16,1987-09
人浮于事纪律松弛严重影响工作效率,1987-09-16,1987-09
丘头村风民风焕然一新,1987-09-16,1987-09
深化改革从严治党,1987-09-16,1987-09
某集团军千余官兵抗洪保护大庆油由,1987-09-16,1987-09
北京建立机动联合检查队,1987-09-16,1987-09
沈空某部与农贸市场共建文明,1987-09-16,1987-09
云南边防苗族民兵英勇歼灭入侵越军,1987-09-16,1987-09
外事简讯,1987-09-16,1987-09
焦实斋同志在京逝世,1987-09-16,1987-09
宗之发同志在京逝世,1987-09-16,1987-09
天山南北谱新歌,1987-09-16,1987-09
一定要查它个水落石出,1987-09-16,1987-09
排水不畅沧州市医院屡成泽国措施不力唐山古赵路水漫金山（耳闻目睹）,1987-09-16,1987-09
他们用假“富士”彩卷骗人,1987-09-16,1987-09
满足老山前线伤员的需要语文出版社赠寄千册图书,1987-09-16,1987-09
民柬呼吁本届联大对越施加更大压力,1987-09-16,1987-09
敦促联合国为裁军继续努力,1987-09-16,1987-09
美国再次提出有关中导问题新建议苏批评美回避中导核弹头处理问题,1987-09-16,1987-09
尼泊尔坚持奉行和平外交政策,1987-09-16,1987-09
一场有争议的公民投票（综述）,1987-09-16,1987-09
简讯,1987-09-16,1987-09
比利时决定向海湾派两艘扫雷舰美护航科威特船队平安驶出海湾,1987-09-16,1987-09
南非各地集会纪念比科,1987-09-16,1987-09
新喀里多尼亚土著居民反对公民投票,1987-09-16,1987-09
国际要闻简报,1987-09-16,1987-09
一句话新闻,1987-09-16,1987-09
捷公布今年第三个经济改革法律文件,1987-09-16,1987-09
南决心把经济体制改革进行到底,1987-09-16,1987-09
世界石油储量下降,1987-09-16,1987-09
英国北海油田产量缓慢下降,1987-09-16,1987-09
我国古代文明展览在南开幕,1987-09-16,1987-09
我国丝绸在美国销路看好,1987-09-16,1987-09
陷于严重危机的黎巴嫩经济,1987-09-16,1987-09
革新与投机（国外剪影）,1987-09-16,1987-09
我国和民主德国签署两项合作协议,1987-09-16,1987-09
标语口号的妙用,1987-09-16,1987-09
话剧《曹植》观后,1987-09-16,1987-09
“眩惑”,1987-09-16,1987-09
鼓舞人民奋发的画展,1987-09-16,1987-09
在墨西哥的星空下,1987-09-16,1987-09
红军将领董振堂,1987-09-16,1987-09
北京地区天气预报,1987-09-17,1987-09
我建成国家宏观经济数据库系统,1987-09-17,1987-09
邓小平会见尼泊尔国王比兰德拉,1987-09-17,1987-09
上海工业格局有变化新崛起六大支柱产业,1987-09-17,1987-09
全国首次投入产出调查开始,1987-09-17,1987-09
国产有梭织机技术改造获重大突破,1987-09-17,1987-09
“海上铁路”货运量连年超过京广路,1987-09-17,1987-09
巫溪县崩岩现场抢险清理基本结束,1987-09-17,1987-09
４５公里走了１０２天（今日谈）,1987-09-17,1987-09
解决柬埔寨问题关键是越南尽早撤军,1987-09-17,1987-09
李先念会见哥伦比亚总统代表,1987-09-17,1987-09
外交部新闻发言人答记者问,1987-09-17,1987-09
李先念会见冈比亚议会代表团,1987-09-17,1987-09
请管管这段公路,1987-09-17,1987-09
为什么刚包四年就挂锄？（农村改革第九年）,1987-09-17,1987-09
晋城推行工程招标承包效果显著,1987-09-17,1987-09
新疆大建筑公司走向小城镇,1987-09-17,1987-09
中信实业银行正式开业,1987-09-17,1987-09
禹县作出保护农民企业家决定,1987-09-17,1987-09
武汉城区形成社区服务网络,1987-09-17,1987-09
简讯,1987-09-17,1987-09
大力支持乡镇轻工生产,1987-09-17,1987-09
武汉采取措施扶持民办科研机构,1987-09-17,1987-09
预防保健工作在全国范围逐步落实,1987-09-17,1987-09
平泉县计划生育后来居上,1987-09-17,1987-09
湖南积极开发利用档案资源,1987-09-17,1987-09
沈阳军地合办图书馆联合体,1987-09-17,1987-09
中国技术市场联合开发集团首次举办交易会,1987-09-17,1987-09
锤炼在军营中,1987-09-17,1987-09
张雯来华拍‘星火计划’电视片,1987-09-17,1987-09
中国曲协探讨评书评话发展途径,1987-09-17,1987-09
成都音乐舞剧院在改革中建立,1987-09-17,1987-09
教科文零讯,1987-09-17,1987-09
从严治军打好决赛,1987-09-17,1987-09
港—京汽车拉力赛车抵武汉中国车手暂居第十一位,1987-09-17,1987-09
广东积极推行普通话迎接全运会,1987-09-17,1987-09
著名画家张仃山水写生画展在京举行,1987-09-17,1987-09
探究思想工作的艺术（之六）,1987-09-17,1987-09
广州足球队参加巴基斯坦真纳杯赛,1987-09-17,1987-09
国家足球队与辽宁队作热身赛,1987-09-17,1987-09
跳高女杰科斯塔迪诺娃,1987-09-17,1987-09
钟祥实行干部任期目标责任制,1987-09-17,1987-09
左云县倡导各级干部办实事,1987-09-17,1987-09
华北地区崛起一支新军,1987-09-17,1987-09
邓颖超会见张光直,1987-09-17,1987-09
班禅拜会尼泊尔国王,1987-09-17,1987-09
简讯,1987-09-17,1987-09
孙墨佛遗体告别仪式在京举行,1987-09-17,1987-09
蒙城１５０００多名女青年主动退彩礼,1987-09-17,1987-09
贺兰山七勇士战山洪救群众  宁夏军区作出决定予以表彰,1987-09-17,1987-09
山东八年解决夫妻两地分居干部七万多,1987-09-17,1987-09
各级检察机关认真查处法纪案件,1987-09-17,1987-09
郑州国棉三厂歧视盲人医士（来信）,1987-09-17,1987-09
解放军三总部举行老山英模首场报告会,1987-09-17,1987-09
别总是盯着姑娘的旗袍（民族地区纪行）,1987-09-17,1987-09
“大赦国际”组织对我攻击是徒劳的,1987-09-17,1987-09
保卫和情报工作的卓越领导者,1987-09-17,1987-09
悼念刘季平同志,1987-09-17,1987-09
因与总统存在分歧辞去兼任的外长职务,1987-09-17,1987-09
欧共体１２国外长呼吁两伊停火,1987-09-17,1987-09
罗马尼亚总统接见我国家经委主任,1987-09-17,1987-09
巴基斯坦总统会见我外交部副部长,1987-09-17,1987-09
我大使向斯里兰卡总统递交国书,1987-09-17,1987-09
一句话新闻,1987-09-17,1987-09
第四十二届联合国大会开幕,1987-09-17,1987-09
联合国秘书长结束对两伊访问,1987-09-17,1987-09
白塔迎远客中尼情谊长,1987-09-17,1987-09
美苏签订建立减少核危险中心的协议,1987-09-17,1987-09
法共举行《人道报》节活动,1987-09-17,1987-09
意共《团结报》节举办讨论会,1987-09-17,1987-09
哥伦比亚的务实外交（综述）,1987-09-17,1987-09
简讯,1987-09-17,1987-09
国际要闻简报,1987-09-17,1987-09
海湾六国外长提出埃及应重返阿盟,1987-09-17,1987-09
苏联东欧国家在改革经互会也要改革,1987-09-17,1987-09
各国企业和技术研究中心密切合作,1987-09-17,1987-09
沙特将同欧佩克各国合作维护石油官价和配额制度,1987-09-17,1987-09
苏联农村的家庭承包,1987-09-17,1987-09
西欧“阿丽亚娜”火箭发射成功,1987-09-17,1987-09
袜带与嘉德勋位,1987-09-17,1987-09
中小企业的朝气和优势（法国通讯）,1987-09-17,1987-09
笑问客从何处来,1987-09-17,1987-09
忆秦似,1987-09-17,1987-09
也谈‘不愿上公堂’,1987-09-17,1987-09
湖上小学（外一章）,1987-09-17,1987-09
老将军·老大夫,1987-09-17,1987-09
北京地区天气预报,1987-09-18,1987-09
我国又成功回收一颗卫星,1987-09-18,1987-09
四川林区开始大规模裁员,1987-09-18,1987-09
浙江国民经济突破‘双千’,1987-09-18,1987-09
通道县四十五万亩森林发生虫灾（来信）,1987-09-18,1987-09
台湾当局将允许台胞回大陆探亲大陆各界表示欢迎准备热情接待,1987-09-18,1987-09
审议台湾民众赴大陆探亲原则,1987-09-18,1987-09
香港国泰航空公司增加飞往台北航班,1987-09-18,1987-09
武钢三百多干部任期内不称职被免,1987-09-18,1987-09
国家大力发展乡镇黄金采矿业“七五”期间实行优惠政策扶持,1987-09-18,1987-09
崇义县委书记兰舒被撤职,1987-09-18,1987-09
非宴会不可吗？(今日谈),1987-09-18,1987-09
广州体育城,1987-09-18,1987-09
衡水商品生产靠联合迅速起飞,1987-09-18,1987-09
必须打破地方保护主义,1987-09-18,1987-09
北京三建公司推行内部承包制,1987-09-18,1987-09
双阳农行实行企业化管理,1987-09-18,1987-09
不要咬死站起来的猴子（新语）,1987-09-18,1987-09
三次投标失利说明什么？（冲击引起的思考）,1987-09-18,1987-09
广州海运局安全工作放在首位,1987-09-18,1987-09
‘灌水肉’何以肆行南昌？,1987-09-18,1987-09
精美印刷厂人均年创利超两万元,1987-09-18,1987-09
西安落实奖售政策肉猪收购增加,1987-09-18,1987-09
问题出在“管”字上（三言两语）,1987-09-18,1987-09
“土洋竞争”,1987-09-18,1987-09
简讯,1987-09-18,1987-09
新华社澳门分社成立,1987-09-18,1987-09
加拿大华裔画家陈萧蕙兰、陈定中在京办画展,1987-09-18,1987-09
教科文零讯,1987-09-18,1987-09
东乌珠穆沁旗教师素质迅速提高,1987-09-18,1987-09
北京评选饮食业卫生“十佳”,1987-09-18,1987-09
陕西骊山发现盛唐华清宫遗址,1987-09-18,1987-09
中药‘化云宁’解决一眼科难题,1987-09-18,1987-09
庄志荣研制出新型通用汉字处理模块,1987-09-18,1987-09
邓颖超著《纪念与回忆》即将出版,1987-09-18,1987-09
成人教育重点在岗位职务培训,1987-09-18,1987-09
贵州壮大少数民族科技队伍,1987-09-18,1987-09
包拯陵墓在合肥环城公园落成,1987-09-18,1987-09
卫生部举办医德教育讲座,1987-09-18,1987-09
作家书店开业,1987-09-18,1987-09
中国足球队易人小将谢育新入选,1987-09-18,1987-09
瑞士大力士韦尔纳世界田径锦标赛冠军谱之二,1987-09-18,1987-09
北京兴建国际新闻广播电视交流中心,1987-09-18,1987-09
描写海峡两岸人民探亲题材,1987-09-18,1987-09
中国队团体赛暂列第二位,1987-09-18,1987-09
我将承办亚洲游泳锦标赛欢迎亚洲泳联所有会员来穗,1987-09-18,1987-09
全国围棋个人赛爆冷门,1987-09-18,1987-09
全运会无线电测向赛在安徽滁州拉开战幕,1987-09-18,1987-09
雄关险隘度若飞,1987-09-18,1987-09
何必会会‘爆光’,1987-09-18,1987-09
云南填“会海”搬“文山”取得成效,1987-09-18,1987-09
继续认真实行一体化教育训练进一步做好培养两用人才工作,1987-09-18,1987-09
滇藏边防部队一批先进单位个人受表彰,1987-09-18,1987-09
参观·采访·会友台湾《自立晚报》记者在京度过忙碌的三天,1987-09-18,1987-09
浠水法院注重干警队伍建设,1987-09-18,1987-09
外事简讯,1987-09-18,1987-09
宁愿自己担风险不让国家利益受损害,1987-09-18,1987-09
邯郸总工会重视调查研究推动改革,1987-09-18,1987-09
尼泊尔国王和王后结束访华回国,1987-09-18,1987-09
某师把扶贫重点放在培养输送技术人才上,1987-09-18,1987-09
广西民委扶持边远地区发展经济,1987-09-18,1987-09
以出口创汇为突破口全面振兴轻工业,1987-09-18,1987-09
坚持唯物主义思想路线,1987-09-18,1987-09
评《义和团运动史事要录》,1987-09-18,1987-09
重视天然气的开发、回收和利用,1987-09-18,1987-09
联合国秘书长在纽约谈两伊之行,1987-09-18,1987-09
两伊战事又起,1987-09-18,1987-09
不保险的“双保险”（随笔）,1987-09-18,1987-09
日内阁和自民党为岸信介举行葬礼,1987-09-18,1987-09
简讯,1987-09-18,1987-09
将柬埔寨阿富汗局势列入大会议程,1987-09-18,1987-09
呼吁欧洲各国支持朝鲜和平统一,1987-09-18,1987-09
对中国要区别对待,1987-09-18,1987-09
苏美年底前可能达成中导协议,1987-09-18,1987-09
意大利军舰起航驶向海湾,1987-09-18,1987-09
科·阿基诺总统宣布改组内阁,1987-09-18,1987-09
一句话新闻,1987-09-18,1987-09
美苏的‘减少核危险中心’（答读者）,1987-09-18,1987-09
国际要闻简报,1987-09-18,1987-09
强调要从错误中吸取教训,1987-09-18,1987-09
我国和民主德国又签订两项合作计划,1987-09-18,1987-09
受伤天鹅得救护珍禽情深成趣谈,1987-09-18,1987-09
高温天气又返回南斯拉夫,1987-09-18,1987-09
为社会稳定和振兴经济决策,1987-09-18,1987-09
苏公布十项有关经济体制改革决定,1987-09-18,1987-09
‘牛肉王国’的牛肉危机,1987-09-18,1987-09
前途攸关的发射,1987-09-18,1987-09
·邓颖超致曹靖华·人民会永远铭记,1987-09-18,1987-09
博物馆职能的演变（美学杂谈）,1987-09-18,1987-09
江河汇,1987-09-18,1987-09
夜读随感录,1987-09-18,1987-09
英雄知己,1987-09-18,1987-09
编辑·作家·战士,1987-09-18,1987-09
土家族铜铃舞,1987-09-18,1987-09
北京地区天气预报,1987-09-19,1987-09
高校教学科研工作一改旧观,1987-09-19,1987-09
纺织工业在改革中迅速发展全国服装盛会将展示新成果,1987-09-19,1987-09
铁道部推广全面承包经营责任制,1987-09-19,1987-09
全国著名劳模张秉贵病逝,1987-09-19,1987-09
第三世界科学院二次大会闭幕,1987-09-19,1987-09
日本政府的决定使我蒙受经济损失,1987-09-19,1987-09
就销毁中程核导弹美苏达成原则协议,1987-09-19,1987-09
广东省政府部署接待台胞工作,1987-09-19,1987-09
为什么国人“不许入内”？（今日谈）,1987-09-19,1987-09
全国十八个连片贫困地区受益 中央三十多部委扶贫工作扎实,1987-09-19,1987-09
乡镇企业一枝花,1987-09-19,1987-09
广东严重缺电局面开始缓和,1987-09-19,1987-09
“肥霸”孙吉元被开除出党,1987-09-19,1987-09
南宫市整顿化肥农药市场成效显著,1987-09-19,1987-09
严惩不法‘官商’（短评）,1987-09-19,1987-09
雁北地区工程造林科学化,1987-09-19,1987-09
‘金狮’在联合中发展,1987-09-19,1987-09
长白山区走上振兴之路,1987-09-19,1987-09
谁是败家子？,1987-09-19,1987-09
简讯,1987-09-19,1987-09
西安生产生活资料市场繁荣,1987-09-19,1987-09
警告牌震动市场各商户主动校秤,1987-09-19,1987-09
包神铁路全线铺轨,1987-09-19,1987-09
服装鞋帽新产品展销会即将在京开幕,1987-09-19,1987-09
廊坊乡镇企业发展快,1987-09-19,1987-09
车轮滚滚进深山山货源源变财宝,1987-09-19,1987-09
教科文零讯,1987-09-19,1987-09
不求人人升学但求个个成才,1987-09-19,1987-09
国家海洋局提请高度重视海洋环保,1987-09-19,1987-09
一种新型检测仪专为电脑“看病”,1987-09-19,1987-09
新疆大学生暑假锻炼收获非浅,1987-09-19,1987-09
上海设立大学生社会实践奖,1987-09-19,1987-09
黄药眠遗体告别仪式在京举行,1987-09-19,1987-09
“农科城”成为决策机关参谋部,1987-09-19,1987-09
蔡尔诚云场强降水预报成功,1987-09-19,1987-09
第二军医大学两项研究成果有助于进一步揭开肝癌奥秘,1987-09-19,1987-09
我国首座审计学院在南京建成开学,1987-09-19,1987-09
《千里跃进大别山之歌》在京演出,1987-09-19,1987-09
国际奥委会邀请各国和地区参加明年奥运会,1987-09-19,1987-09
全运会男篮决赛在即,1987-09-19,1987-09
全国大区射击赛超两项世界纪录,1987-09-19,1987-09
瑞典车手获第三届香港—北京汽车拉力赛冠军,1987-09-19,1987-09
雄风犹在的常胜将军摩西,1987-09-19,1987-09
日本足球队９∶０再胜尼泊尔队,1987-09-19,1987-09
足球大赛前最后热身中国队胜中国二队,1987-09-19,1987-09
常德市委主动接受监督,1987-09-19,1987-09
杭州查处一起受贿贪污案,1987-09-19,1987-09
人大常委会法工委负责人答记者问,1987-09-19,1987-09
沙市开展‘满意在沙市’活动,1987-09-19,1987-09
“方便”不得（漫话）,1987-09-19,1987-09
新郑各级干部改进领导方法,1987-09-19,1987-09
沈阳皇姑区驻军创建育才联合体,1987-09-19,1987-09
昆明五华区工商局加强职业道德教育,1987-09-19,1987-09
南和县提高党员理论水平,1987-09-19,1987-09
万里会见日本工会总评议会代表团,1987-09-19,1987-09
沅江发生一起楼房沉塌事故３９人遇难,1987-09-19,1987-09
纪念南昌起义等三大历史事件６０周年,1987-09-19,1987-09
云南边防某部参谋傅平山英勇献身,1987-09-19,1987-09
简讯,1987-09-19,1987-09
中国广告协会的行为为什么是乱摊派,1987-09-19,1987-09
编者按,1987-09-19,1987-09
坚决制止、严肃查处这种摊派行为,1987-09-19,1987-09
广告协会开会不属有益于社会公益项目,1987-09-19,1987-09
谁该承担挥霍浪费的责任？,1987-09-19,1987-09
上海华联西服厂对顾客不负责任（服务工作面面观）,1987-09-19,1987-09
让讨便宜的人退赔,1987-09-19,1987-09
严肃党纪要从高级干部做起,1987-09-19,1987-09
言出要法随,1987-09-19,1987-09
别让执法犯法的人滑过去！,1987-09-19,1987-09
怡然自得忘乎所以 （耳闻目睹）,1987-09-19,1987-09
非洲前线国家首脑举行会议,1987-09-19,1987-09
要求南非从纳米比亚撤军,1987-09-19,1987-09
呼吁联大制止越南使用化学武器,1987-09-19,1987-09
越南宣传从柬埔寨撤军是个骗局,1987-09-19,1987-09
美苏同意年内就禁止地下核试验谈判,1987-09-19,1987-09
从“见面礼”难筹说起,1987-09-19,1987-09
菲众院通过决议支持科·阿基诺总统,1987-09-19,1987-09
阿根廷组成新内阁,1987-09-19,1987-09
讨论执行和平协议具体步骤,1987-09-19,1987-09
简讯,1987-09-19,1987-09
一句话新闻,1987-09-19,1987-09
国际要闻简报,1987-09-19,1987-09
情满厅堂（意大利通讯）,1987-09-19,1987-09
玻利维亚宣布不再同智利谈判出海口问题,1987-09-19,1987-09
泰老谋求谈判解决边界争端,1987-09-19,1987-09
中国改革取得了积极成效,1987-09-19,1987-09
加强科学合作振兴经济,1987-09-19,1987-09
世界经济增长势头逐渐减弱,1987-09-19,1987-09
日元升值对新加坡经济的影响,1987-09-19,1987-09
欢迎首批中国学者,1987-09-19,1987-09
国际消费者联盟组织接纳我国为会员,1987-09-19,1987-09
假日虽好返家难,1987-09-19,1987-09
冰川崩裂融化在加剧天山地区气候将变暖,1987-09-19,1987-09
连头青年上大学,1987-09-19,1987-09
陌生而亲切的原野,1987-09-19,1987-09
一代师表启后人（影视窗）,1987-09-19,1987-09
‘三沟一河’味芳香（文化采风录）,1987-09-19,1987-09
天涯之旅,1987-09-19,1987-09
风靡西藏的乐器扎年,1987-09-19,1987-09
牵牛图,1987-09-19,1987-09
北京地区天气预报,1987-09-20,1987-09
我重大技术装备国产化加快,1987-09-20,1987-09
原湖北省委办公厅副主任金辉犯有收受贿赂罪被判四年徒刑,1987-09-20,1987-09
衡水地区任免干部看实绩,1987-09-20,1987-09
吴学谦赴纽约出席联大会议,1987-09-20,1987-09
我欢迎美苏原则达成中导协议,1987-09-20,1987-09
三尺柜台树丰碑,1987-09-20,1987-09
人去精神在,1987-09-20,1987-09
把价格管理纳入法治轨道,1987-09-20,1987-09
发扬“小扁担”精神,1987-09-20,1987-09
中华人民共和国价格管理条例,1987-09-20,1987-09
广州城乡集市出现五个转向,1987-09-20,1987-09
促进集市贸易繁荣发展（新语）,1987-09-20,1987-09
利康烤鸭店送鸭上门逾万户,1987-09-20,1987-09
涌泉牌都柿酒出口苏联,1987-09-20,1987-09
内蒙古发展内河航运事业境内四大水系航运已作规划,1987-09-20,1987-09
“人参之乡”庆人参丰收,1987-09-20,1987-09
首都大学生与理论工作者专题对话,1987-09-20,1987-09
上海交大刘夏阳深水救儿童奋不顾身动人事为团徽争光,1987-09-20,1987-09
助良医一臂之力,1987-09-20,1987-09
西北农大学生为农民办刊物,1987-09-20,1987-09
国家科学基金委顾问委员会组成,1987-09-20,1987-09
９月２３日可见罕见现象日环食,1987-09-20,1987-09
十三大将实现会务程序处理自动化,1987-09-20,1987-09
法国赠我一批卫星遥感资料,1987-09-20,1987-09
中国科大十九名学生获“郭沫若奖学金”,1987-09-20,1987-09
良好环境吸引南极来客蓝鲸光顾我南澳海域,1987-09-20,1987-09
中国女篮战胜加拿大队,1987-09-20,1987-09
中国乒乓球队访日比赛获胜,1987-09-20,1987-09
简讯,1987-09-20,1987-09
羊城男篮大赛桂冠谁属？,1987-09-20,1987-09
“金钱第一”导致美国田径水准下降,1987-09-20,1987-09
人生，曲折奔腾的长河,1987-09-20,1987-09
马拉松女杰莫塔世界田径锦标赛冠军谱之四,1987-09-20,1987-09
人大常委会法工委负责人答记者问,1987-09-20,1987-09
益阳地区实行试用制和任期制干部能上能下逐步实现制度化,1987-09-20,1987-09
我国城市初步形成社会福利服务网络,1987-09-20,1987-09
析‘一个将军一个令’（漫话）,1987-09-20,1987-09
安徽“青年之家”发挥多功能作用,1987-09-20,1987-09
梁子介绍在枪林弹雨中拍照的情形,1987-09-20,1987-09
黄文欢同志到甘肃参观访问,1987-09-20,1987-09
《自立晚报》记者结束在京采访旅游,1987-09-20,1987-09
某红军团用光荣历史教育青少年,1987-09-20,1987-09
袁改同志追悼会在福州举行,1987-09-20,1987-09
宁波发生一起渡轮沉没事故,1987-09-20,1987-09
盗窃珍贵文物的赵世龙被判无期徒刑,1987-09-20,1987-09
某伪装部队成功地进行一次检验性伪装演习,1987-09-20,1987-09
简讯,1987-09-20,1987-09
彭士禄的超验现象,1987-09-20,1987-09
彭士禄的超验现象,1987-09-20,1987-09
阐述我国政府的立场,1987-09-20,1987-09
日本右翼团体罪犯山本被捉拿归案,1987-09-20,1987-09
美苏达成中导原则协议是重要开端,1987-09-20,1987-09
美苏外长会晤与中导谈判新进展（述评）,1987-09-20,1987-09
越南难掩世人耳目（述评）,1987-09-20,1987-09
欢迎美苏达成中导原则协议,1987-09-20,1987-09
日本首相中曾根启程访美,1987-09-20,1987-09
国际要闻简报,1987-09-20,1987-09
一句话新闻,1987-09-20,1987-09
太空去“污”,1987-09-20,1987-09
牛仔风情,1987-09-20,1987-09
“黑旋风”获金牌后,1987-09-20,1987-09
四通八达多伦多,1987-09-20,1987-09
神奇谷,1987-09-20,1987-09
百年后的纪念,1987-09-20,1987-09
明天，在澳大利亚第一外语是汉语,1987-09-20,1987-09
发展成人教育刍议,1987-09-20,1987-09
国外军转民的一些做法,1987-09-20,1987-09
中国在海外创办的大学,1987-09-20,1987-09
第三次医学革命,1987-09-20,1987-09
尊师重教摭谈,1987-09-20,1987-09
诸葛亮拿的是“羽扇”吗？,1987-09-20,1987-09
技术市场的四大特点,1987-09-20,1987-09
有趣的动物语言,1987-09-20,1987-09
漫话火车,1987-09-20,1987-09
市民如何看改革与发展,1987-09-20,1987-09
北京地区天气预报,1987-09-21,1987-09
我国横向经济联合登上新台阶,1987-09-21,1987-09
全国农村贫困户八年大幅度减少,1987-09-21,1987-09
坚决制止滥发钱物用公款旅游,1987-09-21,1987-09
抓好新干部的岗位培训,1987-09-21,1987-09
四川省查处党员受贿问题１１名县级干部被清除出党,1987-09-21,1987-09
无锡市采取多种培训途径提高中青年领导干部素质,1987-09-21,1987-09
宁波港北仓港区发挥多功能作用,1987-09-21,1987-09
宝钢自行研制开发一批新钢种,1987-09-21,1987-09
我国民航从美国引进波音７５７——２００型飞机抵广州,1987-09-21,1987-09
热闹的垃圾场,1987-09-21,1987-09
一拖双增双节推动深化改革,1987-09-21,1987-09
放开与管好同步开发与保护并重,1987-09-21,1987-09
郝建秀强调造就中国设计大师,1987-09-21,1987-09
青岛商业小企业慎重选择承租人,1987-09-21,1987-09
双增双节是深化企业改革的动力（短评）,1987-09-21,1987-09
李鹏参观激光视听技术设备展销会,1987-09-21,1987-09
简讯,1987-09-21,1987-09
秋高气爽访兴城,1987-09-21,1987-09
走出校门读一本无字教科书,1987-09-21,1987-09
外国艺术家评说中国艺术节,1987-09-21,1987-09
海峡两岸明星共望合拍电影,1987-09-21,1987-09
北京三百余中青年教师受聘正副教授,1987-09-21,1987-09
中国金融学院在北京成立,1987-09-21,1987-09
北京秋季古旧书市开幕,1987-09-21,1987-09
广西侗族群众筑成９３座新鼓楼,1987-09-21,1987-09
武当‘仙乐’得复鸣,1987-09-21,1987-09
内蒙古区医院试行企业化管理,1987-09-21,1987-09
中国姑娘首次摘取铜牌,1987-09-21,1987-09
聂卫平负于石田芳夫,1987-09-21,1987-09
小将勇敢挑战令人欣喜,1987-09-21,1987-09
田坛女王乔伊纳,1987-09-21,1987-09
全国大区射击赛超一项亚洲纪录,1987-09-21,1987-09
全运会蹼泳决赛在江门开始水中蛟龙刷新六项全国纪录,1987-09-21,1987-09
南京国际田径赛创一项全国纪录,1987-09-21,1987-09
军用永备机场场道工程战术技术标准问世,1987-09-21,1987-09
法制报刊应注重宣传的社会效果,1987-09-21,1987-09
贵州开展民族政策宣传活动,1987-09-21,1987-09
四川纪检部门积极为改革服务,1987-09-21,1987-09
全国一百三十七万老干部离休,1987-09-21,1987-09
采取措施大力培养少数民族妇女干部,1987-09-21,1987-09
故城加强个体工商业者思想工作二百个体户党团员发挥模范作用,1987-09-21,1987-09
广州归侨联络员成为侨办助手,1987-09-21,1987-09
庆祝自治州成立三十周年,1987-09-21,1987-09
台湾民众期待当局尽早开放赴大陆探亲,1987-09-21,1987-09
延安纪念陕甘宁边区政府成立５０周年,1987-09-21,1987-09
庆祝海伦·斯诺延安之行５０周年,1987-09-21,1987-09
徐信主持仪式欢迎英国陆军参谋长,1987-09-21,1987-09
刘门村五干部哄抢承包果园,1987-09-21,1987-09
灵宝加强矿山管理工作,1987-09-21,1987-09
真是‘法不治众’吗？（政治论坛）,1987-09-21,1987-09
田阳县查处一起哄抢稻谷案,1987-09-21,1987-09
哄抢化肥受到惩处,1987-09-21,1987-09
刘少奇同志对合作社理论的贡献,1987-09-21,1987-09
学术动态,1987-09-21,1987-09
欢迎美苏达成消除中导原则协议,1987-09-21,1987-09
阿富汗抵抗力量包围坎大哈市,1987-09-21,1987-09
日本人士发表谈话或集会纪念‘九·一八’,1987-09-21,1987-09
民柬国民军在金边市内袭击越军,1987-09-21,1987-09
波报披露二次大战初期苏军占领波兰真相,1987-09-21,1987-09
沙特一艘油轮在海湾遭袭击,1987-09-21,1987-09
一句话新闻,1987-09-21,1987-09
朝鲜《劳动新闻》抨击卢泰愚在美谈话,1987-09-21,1987-09
简讯,1987-09-21,1987-09
卢泰愚的美国之行（述评）,1987-09-21,1987-09
国际要闻简报,1987-09-21,1987-09
稳定经济社会形势创造振兴经济条件,1987-09-21,1987-09
发展中国家饮水问题严重,1987-09-21,1987-09
沙漠每年在全球吞噬六百万公顷土地,1987-09-21,1987-09
我八项产品在比利时全部获奖,1987-09-21,1987-09
电子邮件,1987-09-21,1987-09
周林发明生物反馈血压调整仪获得国际发明和新技术特别奖,1987-09-21,1987-09
中国时装首次在巴黎国际时装节亮相,1987-09-21,1987-09
胡坤在国际小提琴比赛中获奖,1987-09-21,1987-09
肖红梅在日内瓦获中提琴一等奖,1987-09-21,1987-09
西方国家产业结构的演变与影响,1987-09-21,1987-09
杂文史上的佳话,1987-09-21,1987-09
在大海边,1987-09-21,1987-09
‘圣迹’小窥（艺文谈片）,1987-09-21,1987-09
西湖上的‘鸡毛信’（美学杂谈）,1987-09-21,1987-09
我叠一只小船,1987-09-21,1987-09
不寻常的木偶戏,1987-09-21,1987-09
读马洪林同志评《大同书》有感,1987-09-21,1987-09
园林（中国画）,1987-09-21,1987-09
北京地区天气预报,1987-09-22,1987-09
国务院部署加快发展化肥工业,1987-09-22,1987-09
国家八年投资上千亿元新建住宅一千八百万套,1987-09-22,1987-09
广东‘三来一补’企业近万家,1987-09-22,1987-09
京城绿树成荫,1987-09-22,1987-09
三北地区林业多种经营兴旺,1987-09-22,1987-09
采取坚决措施整顿化肥市场滕县农民秋种无肥担扰减少,1987-09-22,1987-09
李先念会见马中友协代表团,1987-09-22,1987-09
国际原子能机构成立３０年赵紫阳致电３１届大会祝贺,1987-09-22,1987-09
天津外国投资服务中心效率高,1987-09-22,1987-09
从企业试点起步，搞好住房制度改革,1987-09-22,1987-09
北京变压器厂引进技术消化吸收有特点,1987-09-22,1987-09
可贵的‘忧患’感（新语）,1987-09-22,1987-09
加快发展医疗器械工业,1987-09-22,1987-09
大包干要顾国家利益,1987-09-22,1987-09
奇迹是怎样创造的？,1987-09-22,1987-09
简讯,1987-09-22,1987-09
广东城乡文化市场空前繁荣,1987-09-22,1987-09
驻津部队精心安排大学生军训,1987-09-22,1987-09
一项改善饮用水的艰巨工程开始,1987-09-22,1987-09
长沙岳麓山乡试办医疗保险,1987-09-22,1987-09
天气图自动填图系统效率倍增,1987-09-22,1987-09
马海德年逾古稀戴上博士帽,1987-09-22,1987-09
心灵的呼唤,1987-09-22,1987-09
第六届全运会呈现好预兆蹼泳选手超四项世界纪录,1987-09-22,1987-09
世界艺术体操锦标赛中国队又获一枚银牌,1987-09-22,1987-09
电影演员赵子岳获健康老人钓鱼赛冠军,1987-09-22,1987-09
全国男子排球锦标赛八一队获冠军,1987-09-22,1987-09
迎接亚运会长跑今日开拔,1987-09-22,1987-09
全运会男篮决赛开战,1987-09-22,1987-09
中加科学家在新疆考察恐龙,1987-09-22,1987-09
我国敦煌研究居世界领先地位,1987-09-22,1987-09
一批报告文学力作获“火凤凰’杯奖,1987-09-22,1987-09
文献片《曹雪芹与〈红楼梦〉》开拍,1987-09-22,1987-09
简讯,1987-09-22,1987-09
辽宁省委省府聘专家学者当参谋,1987-09-22,1987-09
莱芜市简政放权增加活力,1987-09-22,1987-09
海军团以上干部带头学好两本书,1987-09-22,1987-09
中央军委领导会见老山前线英模汇报团成员,1987-09-22,1987-09
以居委会为基层单位开展社区服务,1987-09-22,1987-09
民建组织有相当大发展,1987-09-22,1987-09
空军第一个训练师首期飞行员毕业,1987-09-22,1987-09
武警青岛市支队为改革服务今年又有１５名战士立功受奖,1987-09-22,1987-09
果洛草原办起２０所牧民养老院,1987-09-22,1987-09
曲周县建立起智囊网络,1987-09-22,1987-09
台湾“高等法院”传讯两名“台独”分子,1987-09-22,1987-09
马万祺宴请新任澳门总督文礼治,1987-09-22,1987-09
简讯,1987-09-22,1987-09
《珍珠湖》演出前后,1987-09-22,1987-09
在时代熔炉中重铸,1987-09-22,1987-09
破除模式投身生活,1987-09-22,1987-09
读《新时期中篇小说名作丛书》,1987-09-22,1987-09
改革题材的文学探索,1987-09-22,1987-09
《中尉们的婚事》（文艺新作）,1987-09-22,1987-09
下一步应就削减战略武器达成协议,1987-09-22,1987-09
中苏两国外长在纽约会晤,1987-09-22,1987-09
着眼于石油采完之后（阿曼通讯）,1987-09-22,1987-09
协商在海湾联合扫雷,1987-09-22,1987-09
里根重申不放弃“星球大战”计划,1987-09-22,1987-09
双方对和平协议执行情况表示满意,1987-09-22,1987-09
阿盟部长理事会紧急会议闭幕,1987-09-22,1987-09
不要自讨没趣（札记）,1987-09-22,1987-09
美参院反对限制总统出兵国外权力法案,1987-09-22,1987-09
利比亚外长说随时准备同乍得对话,1987-09-22,1987-09
埃及拒绝美国中东问题新建议,1987-09-22,1987-09
斯洛伐克法院判处一特大贪污盗窃集团,1987-09-22,1987-09
一句话新闻,1987-09-22,1987-09
国际要闻简报,1987-09-22,1987-09
简讯,1987-09-22,1987-09
菲群众集会支持总统,1987-09-22,1987-09
改革开放是基本国策不会改变,1987-09-22,1987-09
经互会国家加强‘横向联系’,1987-09-22,1987-09
苏联政府机构明年将减半,1987-09-22,1987-09
发展中国家贸易条件进一步恶化,1987-09-22,1987-09
科威特外汇储备居海湾六国之首,1987-09-22,1987-09
家畜新药贝塔—兴奋剂,1987-09-22,1987-09
家畜高效催生素,1987-09-22,1987-09
简讯,1987-09-22,1987-09
美国外贸逆差又创新纪录,1987-09-22,1987-09
千吨农药上前线要与蝗群战一场,1987-09-22,1987-09
别碰我们的树,1987-09-22,1987-09
“自在飞花轻似梦”（艺文谈片）,1987-09-22,1987-09
教师画像礼赞,1987-09-22,1987-09
茶籽,1987-09-22,1987-09
勿卖弄谬误,1987-09-22,1987-09
夜读随感录,1987-09-22,1987-09
常识与谈资,1987-09-22,1987-09
北京地区天气预报,1987-09-23,1987-09
深入改革保持经济稳定增长,1987-09-23,1987-09
北京工业系统全部实行承包经营,1987-09-23,1987-09
海洋石油工业初具规模,1987-09-23,1987-09
秋种冬种在即化肥市场宜早整顿（来信）,1987-09-23,1987-09
生产交通电讯学校等服务设施都已恢复正常,1987-09-23,1987-09
国务院发布电力设施保护条例,1987-09-23,1987-09
新型电动地铁客车研制成功,1987-09-23,1987-09
拉广告三弊（今日谈）,1987-09-23,1987-09
化肥市场要整顿,1987-09-23,1987-09
开放小镇一鸣惊人,1987-09-23,1987-09
华南最大港口,1987-09-23,1987-09
大连工业企业承包成功率高,1987-09-23,1987-09
卡车·轿车·支柱产业,1987-09-23,1987-09
退后一步天地宽,1987-09-23,1987-09
牡丹江铁路分局加强对劳动服务公司指导,1987-09-23,1987-09
长江航运形成商品流通新网络,1987-09-23,1987-09
山东二轻形成出口创汇体系,1987-09-23,1987-09
平山建牛羊兔貂养殖基地,1987-09-23,1987-09
阜阳县大力组织劳务输出,1987-09-23,1987-09
国庆农副工产品展销会开展,1987-09-23,1987-09
简讯,1987-09-23,1987-09
野生植物成为“美味佳肴”,1987-09-23,1987-09
山西查处一诬陷案引起知识界震动,1987-09-23,1987-09
西安研制成广域计算机网络,1987-09-23,1987-09
辽宁乡村卫生院改革中复兴,1987-09-23,1987-09
广东召开研讨会作理论总结,1987-09-23,1987-09
西藏建起我首座高原森林生态研究所,1987-09-23,1987-09
宁育鲜花一朵红（新闻速写）,1987-09-23,1987-09
曹靖华遗体告别仪式在京举行,1987-09-23,1987-09
北京举行迎接第１１届亚运会长跑起跑仪式,1987-09-23,1987-09
广西河南四川三强争雄,1987-09-23,1987-09
波浪杯全国桥牌强手邀请赛开幕,1987-09-23,1987-09
十国记者下蓉城慕名采访盲姑娘,1987-09-23,1987-09
西安各界二百多人集会,1987-09-23,1987-09
《农村大世界》受欢迎,1987-09-23,1987-09
淮南市六农民向国家献出珍贵文物,1987-09-23,1987-09
全运会男篮决赛进行第二轮,1987-09-23,1987-09
电脑将为中国女排插翼,1987-09-23,1987-09
中国足球队将迎战尼泊尔队,1987-09-23,1987-09
上海二十万收藏迷雅兴不小,1987-09-23,1987-09
教科文零讯,1987-09-23,1987-09
湖北一些部门强行摊派会议费,1987-09-23,1987-09
江西百万农妇学习实用技术,1987-09-23,1987-09
大兴安岭模范事迹报告会在京举行,1987-09-23,1987-09
女县长的‘上下观’,1987-09-23,1987-09
长垣严厉打击经济诈骗活动全县已追回货款五百余万元,1987-09-23,1987-09
“会海”难填及其它,1987-09-23,1987-09
驻疆部队１６０多个先进单位和个人受表彰,1987-09-23,1987-09
海军行政法制建设取得可喜成果,1987-09-23,1987-09
中国政法大学新校第一期工程竣工,1987-09-23,1987-09
王海宴请美国空军部长奥尔德里奇,1987-09-23,1987-09
联邦德国驻华大使代表总统向贾石授勋,1987-09-23,1987-09
薄一波会见并宴请联邦德国客人,1987-09-23,1987-09
杨杏佛新墓在上海落成,1987-09-23,1987-09
中国四家组织机构荣获联合国“和平使者”奖,1987-09-23,1987-09
外事简讯,1987-09-23,1987-09
逮捕令发出以后（调查汇报）,1987-09-23,1987-09
我们依法办案受阻,1987-09-23,1987-09
电话打到县长办公室,1987-09-23,1987-09
应追究纵火犯的刑事责任（法律顾问）,1987-09-23,1987-09
简讯,1987-09-23,1987-09
校门前的公共汽车,1987-09-23,1987-09
美苏应消除核武器实现真正和平,1987-09-23,1987-09
指责美某些议员允许达赖鼓吹西藏独立,1987-09-23,1987-09
美总统里根在联大发表讲话,1987-09-23,1987-09
当前美苏关系的一面镜子（专论）,1987-09-23,1987-09
一句话新闻,1987-09-23,1987-09
意法就舰队协调达成协议,1987-09-23,1987-09
国际要闻简报,1987-09-23,1987-09
美国直升机袭击伊朗布雷艇,1987-09-23,1987-09
菲总统命令军队制止恐怖主义活动,1987-09-23,1987-09
津政府关闭津人盟办事机构,1987-09-23,1987-09
国际原子能机构三十一届大会开幕,1987-09-23,1987-09
世界卫生组织东南亚地区４０次大会闭幕,1987-09-23,1987-09
国际老龄大学协会１３届大会闭幕,1987-09-23,1987-09
约旦百余岁老人突然休克谢世,1987-09-23,1987-09
通过普通流通税法和个人所得税法,1987-09-23,1987-09
第三世界所获贷款减少外国在拉美的投资锐减,1987-09-23,1987-09
安哥拉努力发展石油生产,1987-09-23,1987-09
油价现状及未来走向,1987-09-23,1987-09
海湾国家扩建输油管,1987-09-23,1987-09
浪子回头  现身说法,1987-09-23,1987-09
需要真本事（影视窗）,1987-09-23,1987-09
战士的风采,1987-09-23,1987-09
长相思,1987-09-23,1987-09
瓷艺的追求,1987-09-23,1987-09
秋风再度燕归来（文化使者）,1987-09-23,1987-09
首届中国艺术节志庆,1987-09-23,1987-09
北京地区天气预报,1987-09-24,1987-09
亚洲议员人口和发展论坛大会开幕,1987-09-24,1987-09
海南将成为我国最大的经济特区,1987-09-24,1987-09
加强合作稳定亚洲和世界人口,1987-09-24,1987-09
八年一系列改革取得巨大成就  明年要有重点有步骤深化改革,1987-09-24,1987-09
国务院发布进出口关税条例,1987-09-24,1987-09
扬子三十万吨乙烯一期工程投产国务院致电祝贺慰问全体建设者,1987-09-24,1987-09
《任弼时选集》出版,1987-09-24,1987-09
我船舶产品出口廿多国家地区,1987-09-24,1987-09
有这么“收购”粮食的吗？,1987-09-24,1987-09
制止这种粗暴做法（短评）,1987-09-24,1987-09
问题还是出在‘红眼病’上（怎样为承包者排忧解难）,1987-09-24,1987-09
萧山乡镇企业迅速发展,1987-09-24,1987-09
苏州照相机总厂以技改促双增双节,1987-09-24,1987-09
给吕梁人民一把金钥匙,1987-09-24,1987-09
北京东区邮局推行邮政编码注重实效,1987-09-24,1987-09
执行秋季护林防火任务民航派专业机飞黑龙江,1987-09-24,1987-09
简讯,1987-09-24,1987-09
北京大学生署期下乡挂职锻炼,1987-09-24,1987-09
我国冠心病发病率急剧增长,1987-09-24,1987-09
谱仪桶部簇射计数器通过验收,1987-09-24,1987-09
寒区日光灯可不再“眨眼睛”,1987-09-24,1987-09
日环食百年不遇上海人争睹奇景,1987-09-24,1987-09
黔１５万各族群众学习民族语文,1987-09-24,1987-09
常州城乡发挥科技“星火”辐射作用,1987-09-24,1987-09
北京社会福利企业开展人才技术交流,1987-09-24,1987-09
古都秋风醉人心,1987-09-24,1987-09
教科文零讯,1987-09-24,1987-09
一频道多节目电视传播试验成功,1987-09-24,1987-09
辽宁建成一所幼儿科技艺术学校,1987-09-24,1987-09
成都艺术节多彩又多姿,1987-09-24,1987-09
天津简史出版,1987-09-24,1987-09
第六届全运会蹼泳决赛结束,1987-09-24,1987-09
中国队８∶０战胜尼泊尔队,1987-09-24,1987-09
中尼两队教练赛后评球,1987-09-24,1987-09
十年迈出三大步今朝泳坛佳音传,1987-09-24,1987-09
中国女子柔道队赴美参赛,1987-09-24,1987-09
邵阳改革宣传方式,1987-09-24,1987-09
法律为职工掌握就能变成巨大物质力量,1987-09-24,1987-09
光明胡同的光明意识,1987-09-24,1987-09
邓颖超会见冈崎嘉平太,1987-09-24,1987-09
中苏第１１轮磋商将于下月在京举行,1987-09-24,1987-09
巴基斯坦议会代表团朝鲜最高人民会议代表团菲律宾议员团将访华,1987-09-24,1987-09
控制人口增长是一件头等大事,1987-09-24,1987-09
香港总督卫奕信到达北京,1987-09-24,1987-09
新华社香港分社有人事变动,1987-09-24,1987-09
佐藤隆举行招待会欢迎出席论坛第二次大会的代表,1987-09-24,1987-09
简讯,1987-09-24,1987-09
我与联邦德国达成存放核废料协定纯属谣传,1987-09-24,1987-09
美参议员赫尔姆斯粗暴干涉中国内政我外交部发言人予以斥责并表示愤慨,1987-09-24,1987-09
彭冲到蒙古驻华使馆吊唁扎格瓦拉尔逝世,1987-09-24,1987-09
台湾当局对赴大陆探亲将“不协助”各界对此表示不满,1987-09-24,1987-09
沈阳军区某仓库坚持改革成绩显著,1987-09-24,1987-09
利用职权倒卖贵重药材李世安父子被判刑,1987-09-24,1987-09
全面认识经济建设的重要性,1987-09-24,1987-09
团结战斗玉汝于成,1987-09-24,1987-09
和平力量发展壮大紧张局势依然存在  地区冲突没有解决世界经济形势严峻,1987-09-24,1987-09
伊朗将对美机袭击伊朗船只进行回击,1987-09-24,1987-09
里根说美机袭击伊朗船是“合法的”,1987-09-24,1987-09
两伊战争代价高昂,1987-09-24,1987-09
吴学谦外长拜会本届联大主席弗洛林,1987-09-24,1987-09
苏官员说要使苏美协议变成条约还需努力,1987-09-24,1987-09
英国抗议伊朗袭击英国油轮,1987-09-24,1987-09
远亲不如近邻,1987-09-24,1987-09
国际要闻简报,1987-09-24,1987-09
一句话新闻,1987-09-24,1987-09
亚洲议员人口和发展论坛（资料）,1987-09-24,1987-09
死而复生的战士,1987-09-24,1987-09
呼吁改革不合理的国际经济体制,1987-09-24,1987-09
非洲国家加强区域性经济合作,1987-09-24,1987-09
中国加速和平利用核能促进国际合作,1987-09-24,1987-09
美用计算机监督文职人员工作,1987-09-24,1987-09
蟋蟀,1987-09-24,1987-09
舞蹈艺术的横向繁衍,1987-09-24,1987-09
‘便民’与‘便利’,1987-09-24,1987-09
富有魅力的艺术创造,1987-09-24,1987-09
春风吹到霍林河,1987-09-24,1987-09
故乡的小伙子,1987-09-24,1987-09
北京地区天气预报,1987-09-25,1987-09
我国法制建设获重大进展  无法可依状况有根本改变,1987-09-25,1987-09
国务院发布投机倒把行政处罚暂行条例,1987-09-25,1987-09
逶迤十里似龙游,1987-09-25,1987-09
扶持各地发展生猪生产国家提供３０亿公斤粮食,1987-09-25,1987-09
第一届中国艺术节在首钢闭幕,1987-09-25,1987-09
百万盆鲜花点缀街头首都国庆前气象万千,1987-09-25,1987-09
迎接党的十三大要抓紧当前工作,1987-09-25,1987-09
中国人口政策符合自己国情,1987-09-25,1987-09
我国将组建专业投资公司,1987-09-25,1987-09
土地法与“土地爷”（今日谈）,1987-09-25,1987-09
北京市规划局制订新办法,1987-09-25,1987-09
不脱“旧壳”难搞活,1987-09-25,1987-09
京西宾馆开新会,1987-09-25,1987-09
投机倒把行政处罚暂行条例,1987-09-25,1987-09
太行山区农民许金兰治家有方一家五人获得七个技术员职称,1987-09-25,1987-09
经济技术协作二议,1987-09-25,1987-09
第一期农业干部现代管理研修班结业,1987-09-25,1987-09
烟台芝罘区鼓励科技人员去村镇企业,1987-09-25,1987-09
简讯,1987-09-25,1987-09
探路记,1987-09-25,1987-09
老校带一带  新校上得快,1987-09-25,1987-09
陕西高校总结社会实践活动,1987-09-25,1987-09
创造学在我国发展迅速,1987-09-25,1987-09
第一届创造学国际会议在上海举行,1987-09-25,1987-09
北京西藏中学开学,1987-09-25,1987-09
自然科学名词审定工作全面展开,1987-09-25,1987-09
上海为繁荣电影事业国内外广征剧本,1987-09-25,1987-09
宁夏发现隋唐移居中国的中亚人墓,1987-09-25,1987-09
教科文零讯,1987-09-25,1987-09
第十一届亚运会长跑队抵达天津,1987-09-25,1987-09
决战已经到来,1987-09-25,1987-09
体育不合格的中学生不能报考高一级学校,1987-09-25,1987-09
第五届全国体育摄影评选揭晓,1987-09-25,1987-09
全运会上十家日报评选“新星”,1987-09-25,1987-09
奥地利国际艺术体操邀请赛中国队夺冠,1987-09-25,1987-09
非法出版物内容向淫秽发展  印销牟取暴利者要坚决打击,1987-09-25,1987-09
李建安等触犯刑律被判刑,1987-09-25,1987-09
在全军深入开展科学文化教育,1987-09-25,1987-09
都安审理重大甲醇中毒案,1987-09-25,1987-09
台湾《自立晚报》记者离广州前往厦门,1987-09-25,1987-09
对开放民众赴大陆探亲问题台湾国民党中常会延期讨论,1987-09-25,1987-09
豫东某机场驻军开展智力助民活动,1987-09-25,1987-09
姬鹏飞会见港督卫奕信爵士,1987-09-25,1987-09
谈‘私了’,1987-09-25,1987-09
胡平任国家经委副主任范宝俊任民政部副部长,1987-09-25,1987-09
阿尔及利亚新任驻华大使向乌兰夫递交国书,1987-09-25,1987-09
中巴签署科技合作会议议定书,1987-09-25,1987-09
简讯,1987-09-25,1987-09
古老的叶赫青春的光彩（民族地区纪行）,1987-09-25,1987-09
凝集了革命家的业绩和智慧,1987-09-25,1987-09
张謇国际学术研讨会在宁举行（学术动态）,1987-09-25,1987-09
搞活大企业老企业研讨会简述,1987-09-25,1987-09
中美洲和平前景受到联合国大会欢迎,1987-09-25,1987-09
要求美苏削减战略武器,1987-09-25,1987-09
从中曾根访美看日本外交（述评）,1987-09-25,1987-09
呼吁各国继续支持柬埔寨人民斗争,1987-09-25,1987-09
海湾风急浪高（随笔）,1987-09-25,1987-09
非统组织乍一利特委会首脑会议开幕,1987-09-25,1987-09
哈梅内伊说伊朗未关闭谈判大门,1987-09-25,1987-09
一句话新闻,1987-09-25,1987-09
苏联以色列外长在纽约会晤,1987-09-25,1987-09
国际要闻简报,1987-09-25,1987-09
第三届亚太地区国际石油会议结束,1987-09-25,1987-09
欧佩克将提高石油官价,1987-09-25,1987-09
‘百眼巨人’,1987-09-25,1987-09
统一国际贸易中商品命名和编码系统,1987-09-25,1987-09
世界海洋水位将不断增高,1987-09-25,1987-09
防止海底冲刷新方法,1987-09-25,1987-09
澳科学家说要注意温室效应后果,1987-09-25,1987-09
世界经济处于转折时期,1987-09-25,1987-09
湖北工人画廊办得好,1987-09-25,1987-09
自然流畅心到笔随,1987-09-25,1987-09
北京地区天气预报,1987-09-26,1987-09
中共中央邀请党外人士举行座谈广泛征求对十三大报告稿的意见,1987-09-26,1987-09
广东理论界密切联系改革开放实际,1987-09-26,1987-09
京石公路北京段工程快又省,1987-09-26,1987-09
赵紫阳接受美国电视记者采访,1987-09-26,1987-09
李先念会见日中经济协会访华团,1987-09-26,1987-09
国产客机飞行在４２条航线上,1987-09-26,1987-09
小汽车为何跑果园（今日谈）,1987-09-26,1987-09
浙江各类事故大幅度上升省府决定实行安全负责制,1987-09-26,1987-09
物资、外贸、电力管理体制将改革,1987-09-26,1987-09
亚洲议员人口和发展论坛会议闭幕,1987-09-26,1987-09
花美人欢,1987-09-26,1987-09
‘三西’地区五年建设初见成效,1987-09-26,1987-09
五年左右扭转大部分地区用电紧张局面,1987-09-26,1987-09
我国将对进口商品实行质量监督管理,1987-09-26,1987-09
大连市提高内销服装档次水平,1987-09-26,1987-09
着眼于促进产业结构合理化,1987-09-26,1987-09
明确责任因地制宜加快更新速度,1987-09-26,1987-09
计算机也会“算”错(市场随笔),1987-09-26,1987-09
她们刚从京城回来……,1987-09-26,1987-09
大亚湾核电站开始评审标书,1987-09-26,1987-09
简讯,1987-09-26,1987-09
乌溪江畔的明珠,1987-09-26,1987-09
东北财大广育涉外经济人才,1987-09-26,1987-09
在少儿中进行社会主义人道主义教育,1987-09-26,1987-09
哈工大实行研究生筛选制度学习较差者受到“黄牌”警告,1987-09-26,1987-09
各级档案馆形成向社会开放新格局,1987-09-26,1987-09
我军兴起军事心理学研究,1987-09-26,1987-09
上海冶金所小字辈崭露头角,1987-09-26,1987-09
我国成为技术出口国家,1987-09-26,1987-09
周开遗制作新型人工晶体我治疗白内障技术有突破,1987-09-26,1987-09
北京进一步从智力等方面支援西藏,1987-09-26,1987-09
侯外庐遗体告别仪式在京举行,1987-09-26,1987-09
有望获全运会前四名,1987-09-26,1987-09
民办求知书刊社一鸣惊人,1987-09-26,1987-09
不锈钢软卧客车研制成功,1987-09-26,1987-09
梅兰芳史料陈列馆在泰州建成,1987-09-26,1987-09
藏汉关系文物展览在西宁开幕,1987-09-26,1987-09
简讯,1987-09-26,1987-09
中国和新西兰公布参战阵容,1987-09-26,1987-09
奥运会足球预选赛欧洲区又赛四场,1987-09-26,1987-09
武术完全有资格成为亚运会比赛项目,1987-09-26,1987-09
亚洲武术联合会正式成立,1987-09-26,1987-09
广州足球队蝉联真纳杯冠军,1987-09-26,1987-09
全国青年曲棍球赛落下帷幕,1987-09-26,1987-09
永爱中华志不渝,1987-09-26,1987-09
入党申请书,1987-09-26,1987-09
县级干部年度工作考核将扩大试点,1987-09-26,1987-09
各级档案部门认真执行档案法,1987-09-26,1987-09
中国奉行中日要长期友好政策不会改变,1987-09-26,1987-09
谷牧会见日本日中经济协会访华团,1987-09-26,1987-09
梁庆祥被依法处决,1987-09-26,1987-09
外交部新闻发言人发表新闻公报,1987-09-26,1987-09
美国“雷鸟”在京进行飞行表演,1987-09-26,1987-09
简讯,1987-09-26,1987-09
谷牧会见古巴副外长,1987-09-26,1987-09
法国海军驱逐舰抵青岛访问,1987-09-26,1987-09
湘潭为民药店严重损害国家利益市人大代表提出批评竟置之不理,1987-09-26,1987-09
现在还是“继续调查”令人费解,1987-09-26,1987-09
难以容忍的差错,1987-09-26,1987-09
调查附记,1987-09-26,1987-09
我这个人民代表的活动受到限制,1987-09-26,1987-09
林业专业户孙琛的见识与情怀（新风集）,1987-09-26,1987-09
敦促美苏认真谈判率先裁军,1987-09-26,1987-09
西德法国将建立联合防务委员会,1987-09-26,1987-09
要求苏联军队立即撤出阿富汗,1987-09-26,1987-09
斐济再次发生军事政变,1987-09-26,1987-09
呼吁冲突双方维持和巩固停火,1987-09-26,1987-09
谋求南部非洲和平,1987-09-26,1987-09
欧安会维也纳续会复会,1987-09-26,1987-09
国际要闻简报,1987-09-26,1987-09
舒尔茨为吴学谦举行午宴,1987-09-26,1987-09
美苏外长就海湾问题举行会谈,1987-09-26,1987-09
简讯,1987-09-26,1987-09
一句话新闻,1987-09-26,1987-09
两面夹击,1987-09-26,1987-09
中西医结合已成为一股世界性潮流  创立新医学体系提高东方医学水平,1987-09-26,1987-09
美众院通过限制纺织品和服装进口法案  斯马特指责法案违反四十二项国际协议,1987-09-26,1987-09
旅游业已成为创汇的重要途径,1987-09-26,1987-09
世界旅游日（资料）,1987-09-26,1987-09
亚洲人民的历史责任,1987-09-26,1987-09
花样翻新的广告术,1987-09-26,1987-09
心脏移植妇女喜得“千金”,1987-09-26,1987-09
小小画家办展览,1987-09-26,1987-09
在民乐道路上不懈探求,1987-09-26,1987-09
百年草叶何青青,1987-09-26,1987-09
瑞丽江,1987-09-26,1987-09
花环（外一首）,1987-09-26,1987-09
艺术不可重复（谈艺录）,1987-09-26,1987-09
虎,1987-09-26,1987-09
北京地区天气预报,1987-09-27,1987-09
北疆铁路首期工程完成铺轨,1987-09-27,1987-09
齐鲁三十万吨乙烯一期工程竣工投产,1987-09-27,1987-09
国务院常务会议原则通过水法草案,1987-09-27,1987-09
科技体制改革给经济腾飞添翼,1987-09-27,1987-09
全国７２个城市进行各种改革试点,1987-09-27,1987-09
彭真会见巴基斯坦议长,1987-09-27,1987-09
哈尔滨昨日漫天飞雪,1987-09-27,1987-09
庄希泉逢盛世喜迎百岁,1987-09-27,1987-09
警惕官僚主义的新变种（每周论坛）,1987-09-27,1987-09
煤炭新城,1987-09-27,1987-09
吉林市玻璃厂吸取承包优点完善分配制度,1987-09-27,1987-09
继续摒弃‘大锅饭’,1987-09-27,1987-09
水电部副部长陆佑楣谈鲁布革冲击,1987-09-27,1987-09
物价检查重点是国营企业,1987-09-27,1987-09
卸掉包袱轻装上阵,1987-09-27,1987-09
云南开发热区新兴产业各族群众有了致富新路,1987-09-27,1987-09
洛阳机场正式启用,1987-09-27,1987-09
五河机械厂售后服务做得好,1987-09-27,1987-09
首都各界人士向张秉贵同志遗体告别,1987-09-27,1987-09
胶南县隐珠乡车辆厂产品销往３９个国家和地区,1987-09-27,1987-09
简讯,1987-09-27,1987-09
上海市虹口区第三中心小学开展‘合群教育’,1987-09-27,1987-09
《艺象百图》录下老艺术家精湛演技,1987-09-27,1987-09
呼和浩特“新八景”评选揭晓,1987-09-27,1987-09
中外儿童在京参加绘画比赛,1987-09-27,1987-09
宣州修复‘江南诗山’,1987-09-27,1987-09
余杭县严肃处理盗挖文物案,1987-09-27,1987-09
我自然科学史研究方兴未艾,1987-09-27,1987-09
高粱甘蔗杂交种后代性状稳定,1987-09-27,1987-09
《公民手册》一书将出版,1987-09-27,1987-09
教科文零讯,1987-09-27,1987-09
地下人防工程改当病房,1987-09-27,1987-09
中国队十二比零再胜尼泊尔队,1987-09-27,1987-09
快讯,1987-09-27,1987-09
仅仅迈了一小步,1987-09-27,1987-09
魂系蓝天,1987-09-27,1987-09
王群负于山城宏钱宇平出战东京,1987-09-27,1987-09
南路从拉萨出发北线抵达沈阳市,1987-09-27,1987-09
全运会马术比赛结束,1987-09-27,1987-09
全国围棋个人赛马晓春芮乃伟夺冠,1987-09-27,1987-09
无欲则刚（漫话）,1987-09-27,1987-09
一位老共产党员的上缴礼品单（党的生活）,1987-09-27,1987-09
海航培训基层党支部书记,1987-09-27,1987-09
江西查处一起哄抢林木严重违法案,1987-09-27,1987-09
大庆油田风气好转,1987-09-27,1987-09
纪念民族区域自治法实施三周年,1987-09-27,1987-09
尽力维持和谐局面保持香港繁荣稳定,1987-09-27,1987-09
魏县分批轮训农村党员,1987-09-27,1987-09
师宗县民政局长卢德先被撤职,1987-09-27,1987-09
人大常委会宴请巴基斯坦国民议会代表团,1987-09-27,1987-09
毛里塔尼亚新任驻华大使向乌兰夫递交国书,1987-09-27,1987-09
简讯,1987-09-27,1987-09
海城驻军某炮团军民共建成果显著,1987-09-27,1987-09
陈启涛郭孝春等被判刑,1987-09-27,1987-09
以寻找所谓股票为名进行诈骗活动牟献平吴迪建钟道国被判无期徒刑,1987-09-27,1987-09
汇流,1987-09-27,1987-09
南国笔记（二章）,1987-09-27,1987-09
养鳗之歌,1987-09-27,1987-09
要求越军全部撤出柬埔寨,1987-09-27,1987-09
解决柬埔寨问题的关键是越南撤军,1987-09-27,1987-09
柬埔寨抗越斗争形势很好,1987-09-27,1987-09
基辛格博士宴请吴学谦外长,1987-09-27,1987-09
致命伤（札记）,1987-09-27,1987-09
国际要闻简报,1987-09-27,1987-09
斐济政变当局逮捕前总理巴万德拉,1987-09-27,1987-09
支持联合国秘书长调解两伊冲突的努力,1987-09-27,1987-09
侯赛因国王访问叙利亚后回国,1987-09-27,1987-09
一句话新闻,1987-09-27,1987-09
这里在议论苏美协议之后（综述）,1987-09-27,1987-09
中国我向往的美丽国家,1987-09-27,1987-09
马可·波罗故乡人看中国,1987-09-27,1987-09
汉字与中国人的认识观,1987-09-27,1987-09
呼唤书评家,1987-09-27,1987-09
吴起也是史学家,1987-09-27,1987-09
丁玲笔名二三事,1987-09-27,1987-09
应把文化意识注入鲁迅研究,1987-09-27,1987-09
榆关为山海关辨,1987-09-27,1987-09
太阳在变小吗？,1987-09-27,1987-09
国外艺术节,1987-09-27,1987-09
香烟含有放射性元素,1987-09-27,1987-09
培育企业精神是一门学问,1987-09-27,1987-09
北京地区天气预报,1987-09-28,1987-09
改革开放加快新技术转化为生产力  上海科技界为经济建设再攀新高峰,1987-09-28,1987-09
北京正负电子对撞机即将完工,1987-09-28,1987-09
邯郸地区多数企业公开招标承包,1987-09-28,1987-09
沈阳市集团和联合企业健康发展,1987-09-28,1987-09
残疾人艺术团汇报演出,1987-09-28,1987-09
假如每个农民增收十元……,1987-09-28,1987-09
栾川县从根本上治穷,1987-09-28,1987-09
内蒙古出土一批罕见文物,1987-09-28,1987-09
李先念会见巴基斯坦议长,1987-09-28,1987-09
国家和企业资金将分帐管理,1987-09-28,1987-09
中南地区加快技术引进国产化,1987-09-28,1987-09
铜鼓县综合开发山区资源,1987-09-28,1987-09
砍树与致富（短评）,1987-09-28,1987-09
农垦产品在中国国际展览中心展销,1987-09-28,1987-09
小麦专家提出夺取明年丰收建议,1987-09-28,1987-09
家具工业走上振兴之路,1987-09-28,1987-09
简讯,1987-09-28,1987-09
中直机关首届花卉盆景展览开展,1987-09-28,1987-09
仪陇劳务输出出现新局面,1987-09-28,1987-09
甘肃建筑业在国外承包中崭露头角,1987-09-28,1987-09
绥德农民建筑队伍活跃,1987-09-28,1987-09
中国农业的立体“百科全书”,1987-09-28,1987-09
潜艇学院教职员工育人先律己,1987-09-28,1987-09
黄土高原曾有大面积森林,1987-09-28,1987-09
高校社会实践座谈会在京举行,1987-09-28,1987-09
笹川医学奖资助赴日进修生,1987-09-28,1987-09
哈尔滨艺术团体‘消肿’添活力,1987-09-28,1987-09
新型电脑用途广,1987-09-28,1987-09
北京设恋爱婚姻家庭咨询门诊,1987-09-28,1987-09
周江文等提出拟稳平差理论,1987-09-28,1987-09
第一届亚洲武术锦标赛开幕,1987-09-28,1987-09
明年在京成立国际武联,1987-09-28,1987-09
中国登山队明年将再攀珠峰,1987-09-28,1987-09
全运会男篮决赛前四队产生,1987-09-28,1987-09
中国羽毛球队赴马参加世界杯赛,1987-09-28,1987-09
从名次的升降说缘由,1987-09-28,1987-09
波浪杯全国桥牌强手邀请赛结束,1987-09-28,1987-09
你好，维吾尔医,1987-09-28,1987-09
北京四中八十年培养学生２万余,1987-09-28,1987-09
教科文零讯,1987-09-28,1987-09
我国法学教育初具规模,1987-09-28,1987-09
全国地方党刊期发量超过１０００万份,1987-09-28,1987-09
县乡人大换届选举进展顺利,1987-09-28,1987-09
驯鹤姑娘徐秀娟护珍禽以身殉职,1987-09-28,1987-09
“高山雪莲”,1987-09-28,1987-09
晋城严肃查处一起干扰改革事件,1987-09-28,1987-09
营山县委建立督办制度,1987-09-28,1987-09
鼓励到艰苦地方去施展才干,1987-09-28,1987-09
大连金州区出现好风气,1987-09-28,1987-09
《自立晚报》记者离厦门经香港回台北,1987-09-28,1987-09
山东表彰征兵工作先进单位和个人,1987-09-28,1987-09
简讯,1987-09-28,1987-09
老山前线某炮团人人有专业技术,1987-09-28,1987-09
风正好执法,1987-09-28,1987-09
政治体制改革是我国生产力发展的客观要求,1987-09-28,1987-09
发展原材料企业和加工企业间的联合,1987-09-28,1987-09
《邓小平文选》在罗出版发行,1987-09-28,1987-09
改革和开放使中国充满活力,1987-09-28,1987-09
达赖在美印第安纳大学鼓吹“西藏独立”,1987-09-28,1987-09
中日两国没有理由不友好下去,1987-09-28,1987-09
我驻突尼斯大使拜会阿拉法特,1987-09-28,1987-09
萨尔瓦多游击队接受政府对话建议,1987-09-28,1987-09
简讯,1987-09-28,1987-09
凯西生前承认知道向尼反政府武装转交款项,1987-09-28,1987-09
国际要闻简报,1987-09-28,1987-09
钟声传友情,1987-09-28,1987-09
一句话新闻,1987-09-28,1987-09
减轻发展中国家债务乃当务之急,1987-09-28,1987-09
中东和非洲第一条地铁在开罗通车,1987-09-28,1987-09
莫斯科上空大气污染严重,1987-09-28,1987-09
水城永存有望,1987-09-28,1987-09
制定解决债务问题新战略,1987-09-28,1987-09
巴西阿根廷墨西哥结成三国集团,1987-09-28,1987-09
布鲁塞尔尤里卡世界发明博览会开幕,1987-09-28,1987-09
合作的成绩与问题,1987-09-28,1987-09
简讯,1987-09-28,1987-09
煞煞‘煞风景’,1987-09-28,1987-09
普陀历史的另一面,1987-09-28,1987-09
青蒲,1987-09-28,1987-09
海外谈艺感慨多（文心探访）,1987-09-28,1987-09
坐小茶馆,1987-09-28,1987-09
山林的黄昏,1987-09-28,1987-09
戏曲演员唱歌,1987-09-28,1987-09
北京地区天气预报,1987-09-29,1987-09
赵紫阳谈论国内国际大事,1987-09-29,1987-09
我国职工参与管理民主意识增强,1987-09-29,1987-09
哈尔滨市探索政治体制改革,1987-09-29,1987-09
坚决反对达赖有损祖国统一的言论,1987-09-29,1987-09
中国日本邦交正常化十五周年赵总理和中曾根首相互致贺电,1987-09-29,1987-09
李先念会见外国石油化工专家,1987-09-29,1987-09
范厝水电站采用股份制集资兴建,1987-09-29,1987-09
上海科委帮助轻纺工业“返老还童”,1987-09-29,1987-09
工商银行制定紧急信贷措施,1987-09-29,1987-09
安危系于改革,1987-09-29,1987-09
广东旅游业持续迅猛发展,1987-09-29,1987-09
应大力发展养鹅生产（来信）,1987-09-29,1987-09
九龙关前的兴衰冷热,1987-09-29,1987-09
对外开放春风吹进内陆腹地  青海藏毯崛起走俏美日西欧,1987-09-29,1987-09
投资５３万元利用荒滩建鱼塘  何凤歧五兄弟跻身开发大户,1987-09-29,1987-09
我国将首次在伦敦发债券,1987-09-29,1987-09
简讯,1987-09-29,1987-09
原交通部副部长曾直同志逝世,1987-09-29,1987-09
科研联合体推动石化工业技术进步,1987-09-29,1987-09
郑州一‘社会图书馆’提供全新服务,1987-09-29,1987-09
教科文零讯,1987-09-29,1987-09
宁夏播星火经济添活力,1987-09-29,1987-09
过去演出赔钱现在场场爆满,1987-09-29,1987-09
我获世界自然资源保护领导奖,1987-09-29,1987-09
明年硕士生招生实施两项改革,1987-09-29,1987-09
坦克炮手告别实车训练阶段,1987-09-29,1987-09
实现核电站设备无损伤检测,1987-09-29,1987-09
掖县研制出玻璃制瓶一流设备,1987-09-29,1987-09
藏传佛教艺术辉煌灿烂鲜为人知  摄影家刘励中奔走十载展示天下,1987-09-29,1987-09
台两家电视公司抢购大陆风光影片,1987-09-29,1987-09
桃李成栋材园丁心甘甜,1987-09-29,1987-09
钱宇平中盘负于山城宏,1987-09-29,1987-09
赵长军张玉萍分获男女全能冠军,1987-09-29,1987-09
中国足球队飞抵广州,1987-09-29,1987-09
全运会男篮决赛接近尾声,1987-09-29,1987-09
第六届亚欧羽毛球对抗赛亚洲队第四次战胜欧洲队,1987-09-29,1987-09
钱澄海说宋涛无法应聘美职业球队,1987-09-29,1987-09
任何分裂祖国的企图绝不能得逞,1987-09-29,1987-09
《红军战士话当年》序言,1987-09-29,1987-09
沁水两千‘战士家乡指导员’活跃城乡,1987-09-29,1987-09
北京军区后勤部加强干部管理教育,1987-09-29,1987-09
北京派团赴云南慰问前线将士,1987-09-29,1987-09
李先念主席任命两位驻外大使,1987-09-29,1987-09
中央军委严肃处理学生被殴致死事件,1987-09-29,1987-09
“军民之间”征文评选揭晓,1987-09-29,1987-09
邓颖超会见大平志华子,1987-09-29,1987-09
云南边防部队加强巡逻严阵以待,1987-09-29,1987-09
声称对探亲以外任何民间活动均不考虑,1987-09-29,1987-09
延吉一日（民族地区纪行）,1987-09-29,1987-09
李永得徐璐返台后即面临坐牢威胁,1987-09-29,1987-09
简讯,1987-09-29,1987-09
借鉴、“跟”及其他,1987-09-29,1987-09
中国银幕：在世界的注视中,1987-09-29,1987-09
猛士丹心唱大风,1987-09-29,1987-09
首次艺术管理学研讨会举行,1987-09-29,1987-09
‘我看到一个致力建设的前进的中国’,1987-09-29,1987-09
庆祝中日邦交正常化十五周年,1987-09-29,1987-09
伊拉克拒绝苏联关于两伊停火建议,1987-09-29,1987-09
重申菲奉行一个中国政策,1987-09-29,1987-09
一句话新闻,1987-09-29,1987-09
伊朗称击落两架伊拉克飞机  伊拉克否认飞机被伊朗击落,1987-09-29,1987-09
波党刊披露第三国际解散波共始末,1987-09-29,1987-09
阿拉伯也门庆祝９·２６革命２５周年,1987-09-29,1987-09
日中友好六团体联合举行酒会,1987-09-29,1987-09
神驰心往话当年,1987-09-29,1987-09
从中曾根访泰看泰日经贸关系,1987-09-29,1987-09
苏报指出将客观评价托洛茨基但不能平反,1987-09-29,1987-09
简讯,1987-09-29,1987-09
国际要闻简报,1987-09-29,1987-09
工业国应协调政策稳定世界经济,1987-09-29,1987-09
强调要大胆采用新的经营方式和方法,1987-09-29,1987-09
为避免出现‘两种速度的欧洲’,1987-09-29,1987-09
钻石再受青睐,1987-09-29,1987-09
欧共体扩大“布里特”计划科研项目,1987-09-29,1987-09
世界银行增加对非洲国家无息贷款,1987-09-29,1987-09
加蓬总统出席我商品展销会开幕式,1987-09-29,1987-09
美华裔科学家证明宇宙存在“第五种作用力”,1987-09-29,1987-09
我看贾宝玉,1987-09-29,1987-09
“周太太”与“沈师母”（文艺轶话）,1987-09-29,1987-09
辙印,1987-09-29,1987-09
在世界屋脊上过夜,1987-09-29,1987-09
财富·智慧·美（美学杂谈）,1987-09-29,1987-09
蝉声,1987-09-29,1987-09
北京地区天气预报,1987-09-30,1987-09
搞好企业承包经营深化改革推动双增双节活动稳定经济,1987-09-30,1987-09
党的十三大代表全部选出,1987-09-30,1987-09
龙羊峡水电站首台机组并网发电,1987-09-30,1987-09
沈阳油田建成投产,1987-09-30,1987-09
进一步学习和贯彻民族区域自治法,1987-09-30,1987-09
中国敞开大门欢迎来华投资,1987-09-30,1987-09
中央部门是大检查重点,1987-09-30,1987-09
首批重点查处十个案件,1987-09-30,1987-09
拉萨一伙人制造事端搞分裂活动,1987-09-30,1987-09
赴大陆探亲限制探亲对象的亲等,1987-09-30,1987-09
切实保障民族区域自治法的贯彻实行,1987-09-30,1987-09
哈尔滨机电生产水平上新台阶,1987-09-30,1987-09
盐碱地里种草兴牧沧州地区牛羊成群,1987-09-30,1987-09
张裕葡萄酒名扬布鲁塞尔四产品夺得世界优质奖牌,1987-09-30,1987-09
北京市加强烟花爆竹管理,1987-09-30,1987-09
信阳地区积极组织劳务输出,1987-09-30,1987-09
上海铁路局注重提高服务质量,1987-09-30,1987-09
益阳金融系统帮企业清仓利库,1987-09-30,1987-09
简讯,1987-09-30,1987-09
如何看待改革过程中一些具体问题,1987-09-30,1987-09
沙海荡“绿舟”,1987-09-30,1987-09
留学人员归国有用武之地,1987-09-30,1987-09
武汉测绘科大校庆耗资近４０万,1987-09-30,1987-09
今年底完成中药资源普查,1987-09-30,1987-09
霍英东教育基金会设奖促进高校青年教师成长,1987-09-30,1987-09
藏成药生产发展品种多,1987-09-30,1987-09
我研制成第一套雷暴预报系统,1987-09-30,1987-09
中国艺术节“西北荟萃”开幕,1987-09-30,1987-09
国庆首都舞台好戏连台,1987-09-30,1987-09
《中国文物报》创刊,1987-09-30,1987-09
《中国面向未来》将与观众见面,1987-09-30,1987-09
中国革命博物馆首次收藏工业产品获国际金奖,1987-09-30,1987-09
中日合演歌剧《歌仙——小野小町》,1987-09-30,1987-09
新型文化工作车灵活方便功能多,1987-09-30,1987-09
乌鲁木齐气象卫星地面站投入使用,1987-09-30,1987-09
解放军队险胜辽宁队夺得冠军,1987-09-30,1987-09
从‘四分球’看我国男篮新动向,1987-09-30,1987-09
天津市二百多万人参加第四届体育节,1987-09-30,1987-09
亚运会新闻部组织美术工作者座谈,1987-09-30,1987-09
正视困难赛出水平,1987-09-30,1987-09
亚运会长跑队北线南线抵达长春成都,1987-09-30,1987-09
教科文零讯,1987-09-30,1987-09
西汉地宫今再现,1987-09-30,1987-09
欢迎来京参加国庆活动的海外侨胞,1987-09-30,1987-09
邓颖超会见罗马尼亚客人,1987-09-30,1987-09
曲周在干部家属中开展争当贤内助活动,1987-09-30,1987-09
湖南靖州苗族侗族自治县成立,1987-09-30,1987-09
居住在大陆的老台胞到闽粤寻根访祖,1987-09-30,1987-09
赵紫阳会见即将离任的加拿大驻华大使,1987-09-30,1987-09
民政部要求各地做好服务管理工作,1987-09-30,1987-09
黑龙江省查处１５名违纪干部,1987-09-30,1987-09
安乡县委恢复实事求是作风,1987-09-30,1987-09
还是家乡好，还是祖国亲,1987-09-30,1987-09
云南边防前线万余将士在炮火下自学,1987-09-30,1987-09
庆祝中日邦交正常化１５周年,1987-09-30,1987-09
福清破获一起抢劫杀人案,1987-09-30,1987-09
简讯,1987-09-30,1987-09
中华人民共和国进出口关税条例,1987-09-30,1987-09
中华人民共和国航道管理条例,1987-09-30,1987-09
“中国——走向进步与成功”,1987-09-30,1987-09
民柬已作好随时和越谈判准备越南不撤军柬人民将继续斗争,1987-09-30,1987-09
苏联撤军是解决阿富汗问题关键,1987-09-30,1987-09
一句话新闻,1987-09-30,1987-09
南非国大拒绝当局谈判建议,1987-09-30,1987-09
兰布卡宣布废除宪法准备自任国家元首,1987-09-30,1987-09
我再向阿富汗难民提供援助,1987-09-30,1987-09
简讯,1987-09-30,1987-09
国际要闻简报,1987-09-30,1987-09
西德法国军事合作迈出新步伐,1987-09-30,1987-09
世界银行—国际货币基金组织年会开幕,1987-09-30,1987-09
捷公布农业合作社法律草案,1987-09-30,1987-09
残疾人的助手,1987-09-30,1987-09
欧洲共同体通过科研大纲,1987-09-30,1987-09
“埃及现代的地下金字塔”,1987-09-30,1987-09
美国新建亚洲艺术馆举行开馆典礼,1987-09-30,1987-09
哥伦比亚发生严重滑坡,1987-09-30,1987-09
布达佩斯基督神学科学院授予丁光训荣誉博士学位,1987-09-30,1987-09
在两个国际电影节上我两部影片获奖,1987-09-30,1987-09
一要真实，二要精炼,1987-09-30,1987-09
把诚实的心献给观众,1987-09-30,1987-09
满目青山绿树情,1987-09-30,1987-09
献给党,1987-09-30,1987-09
美的寻觅,1987-09-30,1987-09
