老枝新花（花卉艺术摄影）,2003-01-02,2003-01,科技
四川转移和输出劳动力1300万人,2003-01-29,2003-01,科技
种苗当“嫁妆”（经济风景线）,2003-02-18,2003-02,科技
淤地坝：沟里筑道墙  拦泥又收粮,2003-02-24,2003-02,科技
文明之花绽新颜（两会特稿）,2003-03-04,2003-03,科技
拓宽文化产业发展之路（先进文化建议笔谈）,2003-03-10,2003-03,科技
机电产品进口宏观调控取得成效,2003-03-27,2003-03,科技
外商投资环境：还应更“软”些（经济时评）,2003-03-28,2003-03,科技
八百老年人  踊跃学电脑（瞬间）,2003-03-28,2003-03,科技
四大变压器企业联合质量承诺,2003-03-29,2003-03,科技
探营中国海军国防动员舰（军事大扫描）,2003-04-28,2003-04,科技
北京农村构建非典防护体系,2003-05-06,2003-05,科技
新闻频道走俏印度（大千絮语）,2003-05-14,2003-05,科技
投递不及时日报变周报（监督哨）,2003-05-29,2003-05,科技
十五天：追踪SARS病毒之源（热点解读）,2003-06-02,2003-06,科技
举报要注意保密（各抒己见）,2003-06-10,2003-06,科技
不“养”医生的医院（连载）,2003-06-13,2003-06,科技
新科技的尴尬（大千絮语）,2003-06-23,2003-06,科技
在伟大事业中体现当代青年人生价值,2003-06-23,2003-06,科技
中国教育报二十年为群众喜闻乐见,2003-07-07,2003-07,科技
在因特网上架个科研平台,2003-07-21,2003-07,科技
珍禽成玩物（耳闻目睹）,2003-07-24,2003-07,科技
振拔文化沉潜的现代风雷,2003-08-12,2003-08,科技
揭露侵华日军“三光政策”,2003-08-16,2003-08,科技
坚持“四制”不打折扣（人民论坛）,2003-08-22,2003-08,科技
唐振华：与“冻魔”斗法（戍边人）,2003-08-25,2003-08,科技
泰兴15万外出劳务工靠技术增收,2003-09-14,2003-09,科技
让国防教育走进千家万户,2003-09-21,2003-09,科技
马克思主义最鲜明的政治立场（学习通信）,2003-09-25,2003-09,科技
我国海域实现大面积监测,2003-09-29,2003-09,科技
我国进行首次载人航天飞行“神舟”五号飞船发射成功,2003-10-16,2003-10,科技
“下面有人”最自豪（基层传真）,2003-10-20,2003-10,科技
重庆出版社大力扶持学术著作,2003-10-22,2003-10,科技
《华尔街日报》评出全球公司100强,2003-10-27,2003-10,科技
印度提哈监狱像学校（通讯）,2003-11-02,2003-11,科技
武汉查处40吨“问题粉丝”,2003-11-11,2003-11,科技
北京建行网上交易突破1600亿元,2003-11-24,2003-11,科技
王书平：妙笔传真情（人物）,2003-12-30,2003-12,科技
漫长痛苦的工伤申请认定,2003-12-31,2003-12,科技
