把抓落实作为推进改革工作的重点真抓实干蹄疾步稳务求实效,2014-03-01,2014-03
中国经济向好惠及亿万百姓（迎两会看形势）,2014-03-01,2014-03
期待改革好声音,2014-03-01,2014-03
李克强签署国务院令,2014-03-01,2014-03
政协常委会第四次会议闭幕,2014-03-01,2014-03
纪检监察干部违反八项规定精神案件一律点名曝光,2014-03-01,2014-03
拿出众人拾柴的心劲儿,2014-03-01,2014-03
事事有回音件件有着落,2014-03-01,2014-03
让巡视更好释放制度威力,2014-03-01,2014-03
贵州大数据产业腾“云”而起,2014-03-01,2014-03
中国城铁起运巴西,2014-03-01,2014-03
五道闸门监管社会救助资金（在国新办新闻发布会上）,2014-03-01,2014-03
政协常委会第四次会议闭幕,2014-03-01,2014-03
上海自贸区反洗钱细则公布,2014-03-01,2014-03
纪检监察干部违反八项规定精神案件一律点名曝光,2014-03-01,2014-03
促进社会公平正义实现民族团结稳定,2014-03-01,2014-03
国务院新闻办公室发表《2013年美国的人权纪录》,2014-03-01,2014-03
刘延东会见联合国艾滋病规划署执行主任,2014-03-01,2014-03
“村山谈话”与“河野谈话”不容否认,2014-03-01,2014-03
中方确定纪念日、设立公祭日“恰逢其时”,2014-03-01,2014-03
李源潮会见委内瑞拉客人,2014-03-01,2014-03
美国的人权伎俩苍白无力（国际论坛）,2014-03-01,2014-03
严隽琪会见苏丹全国大会党干部考察团,2014-03-01,2014-03
俄美欧对乌局势态度不一,2014-03-01,2014-03
英国首相卡梅伦会见杨洁篪,2014-03-01,2014-03
老挝总理通邢会见中共友好代表团,2014-03-01,2014-03
日朝红十字会3月重启磋商,2014-03-01,2014-03
美今秋或将完全退出量化宽松,2014-03-01,2014-03
全总第六届女职工委员会第一次会议召开,2014-03-01,2014-03
纪念“三八”节暨全国三八红旗手表彰大会举行,2014-03-01,2014-03
深入学习贯彻习近平总书记系列重要讲话精神切实做到“三个表率”,2014-03-01,2014-03
关于召开中国人民政治协商会议第十二届全国委员会第二次会议的决定,2014-03-01,2014-03
中国人民政治协商会议第十二届全国委员会第二次会议秘书长、副秘书长名单,2014-03-01,2014-03
救援,2014-03-01,2014-03
中组部通报3起行贿买官案,2014-03-01,2014-03
为人大制度与时俱进接力奋进,2014-03-01,2014-03
“云”聚多彩贵州,2014-03-01,2014-03
发展大数据贵州有“戏”,2014-03-01,2014-03
大数据贵州的战略选择,2014-03-01,2014-03
贵州大数据产业发展大事记,2014-03-01,2014-03
着力发展新兴产业努力实现跨越发展,2014-03-01,2014-03
国务院关于废止和修改部分行政法规的决定,2014-03-01,2014-03
顺应新期待，民生改善幸福长（迎两会看形势）,2014-03-01,2014-03
春城别“鸥”,2014-03-01,2014-03
我给雷锋做“广告”,2014-03-01,2014-03
教育改革发展的思考与实践,2014-03-01,2014-03
