馒头国标未约束馒头形状,2008-01-07,2008-01,社会
农村道路：明天的安全在哪里？（法眼）,2008-01-30,2008-01,社会
新疆温泉牧区狼群为患牧民心急（来自基层）,2008-02-01,2008-02,社会
社会各界向灾区捐款物2.64亿元,2008-02-04,2008-02,社会
广西党员干部积极帮扶受灾群众,2008-02-05,2008-02,社会
宁夏财政下拨500万确保群众吃饺子,2008-02-13,2008-02,社会
广深高速再次发生桥墩下沉事故,2008-02-16,2008-02,社会
一切为了外来工兄弟姐妹（抗冰雪英雄谱）,2008-02-26,2008-02,社会
黄河内蒙古段首次分凌,2008-03-11,2008-03,社会
江西赣江进入丰水期,2008-04-08,2008-04,社会
拉萨暴力事件二号犯罪嫌疑人供认用刀砍人,2008-04-14,2008-04,社会
上海公交车火灾由油类易燃品所致,2008-05-07,2008-05,社会
四川省汶川县发生7.8级地震,2008-05-12,2008-05,社会
广东重庆预留病床随时收治灾区伤员,2008-05-19,2008-05,社会
北川34名青年火线入党,2008-05-26,2008-05,社会
将接待四川地震灾区学生疗养,2008-06-02,2008-06,社会
河南援建安县活动板房吸收5000当地劳力,2008-06-04,2008-06,社会
一位少将的震区感言,2008-06-05,2008-06,社会
抗震救灾英模事迹感动听众,2008-06-13,2008-06,社会
抗震救灾英模事迹报告团赴全国各地巡回报告,2008-06-17,2008-06,社会
非法合同能兑现  “老板”赚钱农民亏（记者调查）,2008-06-27,2008-06,社会
甘肃省陇南市文县中庙乡中坪村党支部,2008-07-02,2008-07,社会
首例腐败洗钱案在重庆宣判,2008-08-05,2008-08,社会
湖南湘江水质重回Ⅱ类,2008-08-06,2008-08,社会
福州边防侦查队连破大案,2008-08-06,2008-08,社会
大学生军训服能否不再穿过就扔（记者来信）,2008-09-26,2008-09,社会
乡村医生和他的诊所,2008-10-16,2008-10,社会
安徽亳州  菊花村里卖花忙,2008-11-09,2008-11,社会
广州白云警方妥善处置一起出租车司机聚集事件,2008-11-26,2008-11,社会
壮医医生资格获法律认可,2008-12-03,2008-12,社会
