西南区召开少数民族地区经济工作会议    去年西南各少数民族地区农作物普遍丰收,1953-01-14,1953-01,财经
一年多以来我国新建六个现代化纺织厂    我国纺织机械工厂产品已能充分供应计划新建的棉纺织厂的需要,1953-01-17,1953-01,财经
争夺战略原料产地的斗争,1953-01-31,1953-01,财经
一九五三年二月二日内容提要,1953-02-02,1953-02,财经
河南等地麦田发生红蜘蛛麦蚜虫等害虫,1953-02-05,1953-02,财经
华东许多机器厂原材料供应中断局部停工    主要原因是各厂生产计划与全国钢铁厂的生产计划不衔接,1953-02-11,1953-02,财经
对空射击英雄刘四,1953-05-10,1953-05,财经
美英垄断资本在橡胶市场上的斗争尖锐化    “国际橡胶研究小组”会议美英代表进行谈判毫无结果,1953-05-21,1953-05,财经
中央粮食部和全国合作总社发出联合指示    大力开展收购小麦工作,1953-06-10,1953-06,财经
一九五三年六月十三日内容提要,1953-06-13,1953-06,财经
一九五三年七月二日内容提要,1953-07-02,1953-07,财经
武功县乔家底村小麦丰收后农民的心事,1953-08-05,1953-08,财经
全国各地国营商业部门  大力开辟货源迎接旺季,1953-08-19,1953-08,财经
作好麦田深耕早耕为明年小麦增产打好基础,1953-08-22,1953-08,财经
正确地推行小麦密植,1953-09-02,1953-09,财经
一桩黑市交易,1953-09-06,1953-09,财经
多想办法厉行节约,1953-09-12,1953-09,财经
华北大部地区按照农民需要发放农业贷款,1953-09-12,1953-09,财经
全国各产棉区开始收摘棉花    中央农业部提出争取棉花多收的办法,1953-09-18,1953-09,财经
一九五三年十月三日内容提要,1953-10-03,1953-10,财经
我们学习苏联先进经验保证了棉花丰产,1953-11-08,1953-11,财经
让国家掌握足够的粮食,1953-11-11,1953-11,财经
决不让粮食投机商再来喝我们的血,1953-12-09,1953-12,财经
各级人民政府多方进行防灾和救灾工作    四年来帮助很多农民渡过灾荒    农村受灾面积逐渐减少粮食产量逐年增加,1953-12-12,1953-12,财经
一九五三年十二月十四日内容提要,1953-12-14,1953-12,财经
广东制糖工业蓬勃发展紫泥糖厂正式生产,1953-12-19,1953-12,财经
中央人民政府政务院    关于增产油料作物的指示    （一九五三年十二月十七日政务院    第一百九十八次政务会议通过）,1953-12-28,1953-12,财经
